chunk_id,id,language,metadata_content_structured_data_academic_info_academic_year,metadata_content_structured_data_academic_info_level,metadata_content_structured_data_academic_info_specialty,metadata_content_structured_data_academic_level,metadata_content_structured_data_academic_year,metadata_content_structured_data_academy,metadata_content_structured_data_account_holder,metadata_content_structured_data_account_number,metadata_content_structured_data_affected_service_domain,metadata_content_structured_data_affected_service_full_url,metadata_content_structured_data_affected_service_name,metadata_content_structured_data_applicant_full_name,metadata_content_structured_data_applicant_phone,metadata_content_structured_data_applicant_ppr_number,metadata_content_structured_data_applicant_signature_date,metadata_content_structured_data_arrondissement,metadata_content_structured_data_beneficiary_consolidated_average_reimbursement_rate,metadata_content_structured_data_beneficiary_consolidated_name,metadata_content_structured_data_beneficiary_consolidated_total_frais_engages,metadata_content_structured_data_beneficiary_consolidated_total_reimbursement,metadata_content_structured_data_birth_date,metadata_content_structured_data_birth_place,metadata_content_structured_data_browser,metadata_content_structured_data_certificate_number,metadata_content_structured_data_conditions,metadata_content_structured_data_country,metadata_content_structured_data_direction,metadata_content_structured_data_directorate,metadata_content_structured_data_document_type,metadata_content_structured_data_error_message,metadata_content_structured_data_error_type,metadata_content_structured_data_family_composition_children_count,metadata_content_structured_data_family_composition_children_details,metadata_content_structured_data_family_composition_main_applicant,metadata_content_structured_data_family_composition_other_persons,metadata_content_structured_data_family_composition_spouse_first_name,metadata_content_structured_data_family_composition_spouse_included,metadata_content_structured_data_institution,metadata_content_structured_data_insurer,metadata_content_structured_data_interest_rate,metadata_content_structured_data_issuance_date,metadata_content_structured_data_issuance_place,metadata_content_structured_data_issuance_program,metadata_content_structured_data_issuance_purpose,metadata_content_structured_data_issuance_signatories,metadata_content_structured_data_issue_date,metadata_content_structured_data_issue_time,metadata_content_structured_data_issuer_branch,metadata_content_structured_data_issuer_location,metadata_content_structured_data_issuer_organization,metadata_content_structured_data_issuing_program,metadata_content_structured_data_journey_arrival_date,metadata_content_structured_data_journey_arrival_location,metadata_content_structured_data_journey_arrival_time,metadata_content_structured_data_journey_departure_date,metadata_content_structured_data_journey_departure_location,metadata_content_structured_data_journey_departure_time,metadata_content_structured_data_journey_duration,metadata_content_structured_data_loan_amount,metadata_content_structured_data_loan_duration,metadata_content_structured_data_loan_type,metadata_content_structured_data_medical_details_condition,metadata_content_structured_data_medical_details_totals_overall_reimbursement_rate,metadata_content_structured_data_medical_details_totals_total_additional_reimbursement,metadata_content_structured_data_medical_details_totals_total_base_reimbursement,metadata_content_structured_data_medical_details_totals_total_cost,metadata_content_structured_data_medical_details_totals_total_non_reimbursable,metadata_content_structured_data_medical_details_treatments,metadata_content_structured_data_metadata_document_notes,metadata_content_structured_data_ministry,metadata_content_structured_data_mobile_app,metadata_content_structured_data_municipality,metadata_content_structured_data_organization_arabic,metadata_content_structured_data_organization_french,metadata_content_structured_data_passengers,metadata_content_structured_data_payment_amount,metadata_content_structured_data_payment_currency,metadata_content_structured_data_payment_issuance_date,metadata_content_structured_data_payment_issuance_place,metadata_content_structured_data_payment_issuing_department,metadata_content_structured_data_phone,metadata_content_structured_data_possible_causes,metadata_content_structured_data_purpose,metadata_content_structured_data_records,metadata_content_structured_data_reference_bordereau_number,metadata_content_structured_data_reference_incident_date,metadata_content_structured_data_reference_number,metadata_content_structured_data_reference_payment_date,metadata_content_structured_data_reference_received_date,metadata_content_structured_data_requirements,metadata_content_structured_data_signatories,metadata_content_structured_data_signatory,metadata_content_structured_data_signatory_title,metadata_content_structured_data_source,metadata_content_structured_data_status,metadata_content_structured_data_stay_details_center,metadata_content_structured_data_stay_details_housing_type,metadata_content_structured_data_stay_details_location,metadata_content_structured_data_stay_details_period_end,metadata_content_structured_data_stay_details_period_inclusive,metadata_content_structured_data_stay_details_period_start,metadata_content_structured_data_student_birth_date,metadata_content_structured_data_student_birth_place,metadata_content_structured_data_student_second_language,metadata_content_structured_data_ticket_type,metadata_content_structured_data_time_period,metadata_content_structured_data_total_records,metadata_content_structured_data_transaction_account_number,metadata_content_structured_data_transaction_amount_currency,metadata_content_structured_data_transaction_amount_numeric,metadata_content_structured_data_transaction_amount_text,metadata_content_structured_data_transaction_beneficiary,metadata_content_structured_data_transaction_dates_execution,metadata_content_structured_data_transaction_dates_processing_delay,metadata_content_structured_data_transaction_dates_value,metadata_content_structured_data_transaction_reference_number,metadata_content_structured_data_transaction_type,metadata_content_structured_data_troubleshooting_steps,metadata_content_structured_data_yearly_interest,metadata_content_text,metadata_id,metadata_language,metadata_metadata_carrier,metadata_metadata_context,metadata_metadata_country,metadata_metadata_currency,metadata_metadata_data_quality_anomalies,metadata_metadata_data_quality_completeness,metadata_metadata_data_quality_missing_fields,metadata_metadata_date_issued,metadata_metadata_document_category,metadata_metadata_document_purpose,metadata_metadata_education_level,metadata_metadata_error_category,metadata_metadata_form_type,metadata_metadata_issuing_authority,metadata_metadata_issuing_organization,metadata_metadata_language_mix,metadata_metadata_multilingual_fields,metadata_metadata_organization,metadata_metadata_organization_type,metadata_metadata_record_type,metadata_metadata_relevant_to,metadata_metadata_security_notice,metadata_metadata_severity,metadata_metadata_status,metadata_metadata_submission_date,metadata_metadata_ticket_class,metadata_metadata_time_coverage_end_date,metadata_metadata_time_coverage_start_date,metadata_metadata_time_metrics_incident_to_payment_days,metadata_metadata_time_metrics_processing_days,metadata_metadata_transport_type,metadata_source,metadata_type,source,text,type
attest_int_001_1,attest_int_001,fr,,,,,,,MR,01060150,,,,,,,,,,,,,,,,,,,,,ATTESTATION DES INTERETS,,,,,,,,,CREDIT AGRICOLE C.L.C.A. AKNOUL 106,,4.35%,,,,,,26/03/2025,12:48,,,,,,,,,,,,262500.00 DHS,180 mois,crédit logement,,,,,,,,,,,,,,,,,,,,,,,,,,19000002711,,,,"[""Gestionnaire des opérations Guichet"", ""LE DIRECTEUR"", ""Oussama HAMMOUCH""]",,,,,,,,,,,,,,,,,,,,,,,,,,,,8579.73 DHS,"القرض الفلاحي
CREDIT AGRICOLE
C.L.C.A. AKNOUL 106

ATTESTATION DES INTERETS
Nous soussignés Mr   Mr 
Respectivement Directeur et Gestionnaire des opérations Guichet de la Caisse local de Crédit
Agricole de AKNOUL attestons par la présente que MR :
Titulaire du compte bancaire N° 01060150! ""*"""" a bénéficié auprès de notre banque d'un
crédit logement de 262.500.00 dhs (deux cent soixante-deux mille cinq cent dirhams) au taux
de 4.35% sux une durée de 180 mois.

Les intérêts prélevés pour ces crédits durant l'année 2024 sont comme suit :
19000002711 8579.73 
Cette attestation est délivrée à l'intéressé pour servir et valoir ce que de droit.

Fait à Aknoul le 26/03/2025 à 12h 48 mns.
Gestionnaire des opérations Guichet
LE DIRECTEUR

Oussama HAMMOUCH",attest_int_001,fr,,,,DHS,,,,2025-03-26,,,,,,Caisse locale de Crédit Agricole de AKNOUL,,,,,,,"[""finance"", ""loans"", ""banking""]",,,,,,,,,,,attestation_interets.txt,bank_attestation,attestation_interets.txt,CREDIT AGRICOLE C.L.C.A. AKNOUL 106 - ATTESTATION DES INTERETS. Signée par le Directeur et Gestionnaire des opérations Guichet.,bank_attestation
attest_int_001_2,attest_int_001,fr,,,,,,,MR,01060150,,,,,,,,,,,,,,,,,,,,,ATTESTATION DES INTERETS,,,,,,,,,CREDIT AGRICOLE C.L.C.A. AKNOUL 106,,4.35%,,,,,,26/03/2025,12:48,,,,,,,,,,,,262500.00 DHS,180 mois,crédit logement,,,,,,,,,,,,,,,,,,,,,,,,,,19000002711,,,,"[""Gestionnaire des opérations Guichet"", ""LE DIRECTEUR"", ""Oussama HAMMOUCH""]",,,,,,,,,,,,,,,,,,,,,,,,,,,,8579.73 DHS,"القرض الفلاحي
CREDIT AGRICOLE
C.L.C.A. AKNOUL 106

ATTESTATION DES INTERETS
Nous soussignés Mr   Mr 
Respectivement Directeur et Gestionnaire des opérations Guichet de la Caisse local de Crédit
Agricole de AKNOUL attestons par la présente que MR :
Titulaire du compte bancaire N° 01060150! ""*"""" a bénéficié auprès de notre banque d'un
crédit logement de 262.500.00 dhs (deux cent soixante-deux mille cinq cent dirhams) au taux
de 4.35% sux une durée de 180 mois.

Les intérêts prélevés pour ces crédits durant l'année 2024 sont comme suit :
19000002711 8579.73 
Cette attestation est délivrée à l'intéressé pour servir et valoir ce que de droit.

Fait à Aknoul le 26/03/2025 à 12h 48 mns.
Gestionnaire des opérations Guichet
LE DIRECTEUR

Oussama HAMMOUCH",attest_int_001,fr,,,,DHS,,,,2025-03-26,,,,,,Caisse locale de Crédit Agricole de AKNOUL,,,,,,,"[""finance"", ""loans"", ""banking""]",,,,,,,,,,,attestation_interets.txt,bank_attestation,attestation_interets.txt,"MR titulaire du compte N°01060150 a obtenu un crédit logement de 262,500 DHS à 4.35% sur 180 mois.",bank_attestation
attest_int_001_3,attest_int_001,fr,,,,,,,MR,01060150,,,,,,,,,,,,,,,,,,,,,ATTESTATION DES INTERETS,,,,,,,,,CREDIT AGRICOLE C.L.C.A. AKNOUL 106,,4.35%,,,,,,26/03/2025,12:48,,,,,,,,,,,,262500.00 DHS,180 mois,crédit logement,,,,,,,,,,,,,,,,,,,,,,,,,,19000002711,,,,"[""Gestionnaire des opérations Guichet"", ""LE DIRECTEUR"", ""Oussama HAMMOUCH""]",,,,,,,,,,,,,,,,,,,,,,,,,,,,8579.73 DHS,"القرض الفلاحي
CREDIT AGRICOLE
C.L.C.A. AKNOUL 106

ATTESTATION DES INTERETS
Nous soussignés Mr   Mr 
Respectivement Directeur et Gestionnaire des opérations Guichet de la Caisse local de Crédit
Agricole de AKNOUL attestons par la présente que MR :
Titulaire du compte bancaire N° 01060150! ""*"""" a bénéficié auprès de notre banque d'un
crédit logement de 262.500.00 dhs (deux cent soixante-deux mille cinq cent dirhams) au taux
de 4.35% sux une durée de 180 mois.

Les intérêts prélevés pour ces crédits durant l'année 2024 sont comme suit :
19000002711 8579.73 
Cette attestation est délivrée à l'intéressé pour servir et valoir ce que de droit.

Fait à Aknoul le 26/03/2025 à 12h 48 mns.
Gestionnaire des opérations Guichet
LE DIRECTEUR

Oussama HAMMOUCH",attest_int_001,fr,,,,DHS,,,,2025-03-26,,,,,,Caisse locale de Crédit Agricole de AKNOUL,,,,,,,"[""finance"", ""loans"", ""banking""]",,,,,,,,,,,attestation_interets.txt,bank_attestation,attestation_interets.txt,Intérêts 2024: 8579.73 DHS (Réf: 19000002711). Document délivré le 26/03/2025 à Aknoul.,bank_attestation
cert_arab_001_1,cert_arab_001,ar,,,,المستوى الثاني ابتدائي,2024/2025,الأكاديمية الجهوية للتربية والتكوين لجهة الرباط - سلا - القنيطرة,,,,,,,,,,,,,,,09-10-2014,الرباط,,2024/2025/16,,,,المديرية الإقليمية : عمالة سلا,,,,,,,,,,مدرسة أحمد بوكماخ,,,09/04/2025,,,,,,,,,,مسار,,,,,,,,,,,,,,,,,,,وزارة التربية الوطنية والتعليم الأولي والرياضة,,باب المريسة (المقاطعة),,,,,,,,,0600005482,,إداري,,,,,,,,,محمد لهنيدة,الحارس العام / الناظر المسؤول عن المعلومات الواردة في الشهادة,,,,,,,,,,,,,,,,,,,,,,,,,,,"وزارة التربية الوطنية
والتعليم الأولي والرياضة
الأكاديمية الجهوية للتربية والتكوين
لجهة : الرباط - سلا - القنيطرة
المديرية الإقليمية : عمالة سلا

الجماعة : باب المريسة (المقاطعة) 
المؤسسة : مدرسة أحمد بوكماخ

هاتف : 0600005482
شهادة مدرسية رقم : 2024/2025/16
المولود(ة) في : الرباط بتاريخ : 09-10-2014
رمز التلميذ(ة) : 

يتابع دراسته(ها) بهذه المؤسسة بالمستوى الثاني ابتدائي عام (2024/2025)

ملاحظات : سُلّمت له(ها) هذه الشهادة من برنامج ""مسار"" لغرض إداري

حرر ب: 09/04/2025 
خاتم وتوقيع الحارس العام / الناظر المسؤول عن المعلومات الواردة في الشهادة
امضاء :محمد لهنيدة",cert_arab_001,ar,,,,,,,,2025-04-09,,administrative,,,,مدرسة أحمد بوكماخ,,,,,,,"[""education"", ""student_records"", ""primary_education""]",,,,,,,,,,,certificat_scolarite_arabe.txt,education_certificate,certificat_scolarite_arabe.txt,شهادة مدرسية صادرة عن مدرسة أحمد بوكماخ التابعة لمديرية عمالة سلا، الأكاديمية الجهوية للرباط - سلا - القنيطرة,education_certificate
cert_arab_001_2,cert_arab_001,ar,,,,المستوى الثاني ابتدائي,2024/2025,الأكاديمية الجهوية للتربية والتكوين لجهة الرباط - سلا - القنيطرة,,,,,,,,,,,,,,,09-10-2014,الرباط,,2024/2025/16,,,,المديرية الإقليمية : عمالة سلا,,,,,,,,,,مدرسة أحمد بوكماخ,,,09/04/2025,,,,,,,,,,مسار,,,,,,,,,,,,,,,,,,,وزارة التربية الوطنية والتعليم الأولي والرياضة,,باب المريسة (المقاطعة),,,,,,,,,0600005482,,إداري,,,,,,,,,محمد لهنيدة,الحارس العام / الناظر المسؤول عن المعلومات الواردة في الشهادة,,,,,,,,,,,,,,,,,,,,,,,,,,,"وزارة التربية الوطنية
والتعليم الأولي والرياضة
الأكاديمية الجهوية للتربية والتكوين
لجهة : الرباط - سلا - القنيطرة
المديرية الإقليمية : عمالة سلا

الجماعة : باب المريسة (المقاطعة) 
المؤسسة : مدرسة أحمد بوكماخ

هاتف : 0600005482
شهادة مدرسية رقم : 2024/2025/16
المولود(ة) في : الرباط بتاريخ : 09-10-2014
رمز التلميذ(ة) : 

يتابع دراسته(ها) بهذه المؤسسة بالمستوى الثاني ابتدائي عام (2024/2025)

ملاحظات : سُلّمت له(ها) هذه الشهادة من برنامج ""مسار"" لغرض إداري

حرر ب: 09/04/2025 
خاتم وتوقيع الحارس العام / الناظر المسؤول عن المعلومات الواردة في الشهادة
امضاء :محمد لهنيدة",cert_arab_001,ar,,,,,,,,2025-04-09,,administrative,,,,مدرسة أحمد بوكماخ,,,,,,,"[""education"", ""student_records"", ""primary_education""]",,,,,,,,,,,certificat_scolarite_arabe.txt,education_certificate,certificat_scolarite_arabe.txt,الطالب/ة مواليد 09-10-2014 بالرباط، يتابع الدراسة في المستوى الثاني ابتدائي للسنة الدراسية 2024/2025,education_certificate
cert_arab_001_3,cert_arab_001,ar,,,,المستوى الثاني ابتدائي,2024/2025,الأكاديمية الجهوية للتربية والتكوين لجهة الرباط - سلا - القنيطرة,,,,,,,,,,,,,,,09-10-2014,الرباط,,2024/2025/16,,,,المديرية الإقليمية : عمالة سلا,,,,,,,,,,مدرسة أحمد بوكماخ,,,09/04/2025,,,,,,,,,,مسار,,,,,,,,,,,,,,,,,,,وزارة التربية الوطنية والتعليم الأولي والرياضة,,باب المريسة (المقاطعة),,,,,,,,,0600005482,,إداري,,,,,,,,,محمد لهنيدة,الحارس العام / الناظر المسؤول عن المعلومات الواردة في الشهادة,,,,,,,,,,,,,,,,,,,,,,,,,,,"وزارة التربية الوطنية
والتعليم الأولي والرياضة
الأكاديمية الجهوية للتربية والتكوين
لجهة : الرباط - سلا - القنيطرة
المديرية الإقليمية : عمالة سلا

الجماعة : باب المريسة (المقاطعة) 
المؤسسة : مدرسة أحمد بوكماخ

هاتف : 0600005482
شهادة مدرسية رقم : 2024/2025/16
المولود(ة) في : الرباط بتاريخ : 09-10-2014
رمز التلميذ(ة) : 

يتابع دراسته(ها) بهذه المؤسسة بالمستوى الثاني ابتدائي عام (2024/2025)

ملاحظات : سُلّمت له(ها) هذه الشهادة من برنامج ""مسار"" لغرض إداري

حرر ب: 09/04/2025 
خاتم وتوقيع الحارس العام / الناظر المسؤول عن المعلومات الواردة في الشهادة
امضاء :محمد لهنيدة",cert_arab_001,ar,,,,,,,,2025-04-09,,administrative,,,,مدرسة أحمد بوكماخ,,,,,,,"[""education"", ""student_records"", ""primary_education""]",,,,,,,,,,,certificat_scolarite_arabe.txt,education_certificate,certificat_scolarite_arabe.txt,شهادة رقم 2024/2025/16 صادرة عبر برنامج مسار بتاريخ 09/04/2025 موقعة من الحارس العام محمد لهنيدة,education_certificate
cert_fr_002_1,cert_fr_002,fr,2024/2025,1ère Année Baccalauréat,Sciences Économiques et Gestion,,,Académie Casablanca-Settat,,,,,,,,,,Ain Chock,,,,,,,,2024/2025/43,,Royaume du Maroc,Direction provinciale - Préfecture d'Arrondissement Ain Chock,,,,,,,,,,,YASSAMINE CALIFORNIE,,,03/04/2025,Casablanca,Massar,administratives uniquement,"[""surveillant général / censeur responsable des informations"", ""directeur de l'établissement""]",,,,,,,,,,,,,,,,,,,,,,,,,"Ministère de l'Éducation Nationale, du Préscolaire et des Sports",,,,,,,,,,,,,,,,,,,,,,,,,,,,,,,,16/04/2007,CASABLANCA,Langue anglaise,,,,,,,,,,,,,,,,"Royaume du Maroc
Ministère de l'Éducation Nationale, du Préscolaire et des Sports
Académie Casablanca-Settat

Direction provinciale
Préfecture d'Arrondissement Ain Chock

Ain Chock (Arrondissement)
YASSAMINE
CALIFORNIE

Certificat de scolarité : 2024/2025/43

Monsieur le Directeur certifie que :
L'élève porteur du code n° …
Prénom NOM
Né(e) le : 16/04/2007 à CASABLANCA
Deuxième langue : Langue anglaise

Poursuit ses études dans cet établissement au niveau 1ère Année Baccalauréat Sciences Économiques et Gestion (2024/2025)

Remarques : Ce certificat lui a été délivré par le programme Massar à des fins administratives uniquement.

Fait à Casablanca, le 03/04/2025

Cachet et signature du surveillant général / censeur responsable des informations
Cachet et signature du directeur de l'établissement",cert_fr_002,fr,,,,,,,,2025-04-03,,administrative,secondary,,,YASSAMINE CALIFORNIE,,,,,,,"[""education"", ""baccalaureat"", ""student_records""]",,,,,,,,,,,certificat_scolarite_Rayan.txt,education_certificate,certificat_scolarite_Rayan.txt,"Certificat de scolarité 2024/2025/43 émis par l'établissement YASSAMINE CALIFORNIE (Académie Casablanca-Settat, Arrondissement Ain Chock)",education_certificate
cert_fr_002_2,cert_fr_002,fr,2024/2025,1ère Année Baccalauréat,Sciences Économiques et Gestion,,,Académie Casablanca-Settat,,,,,,,,,,Ain Chock,,,,,,,,2024/2025/43,,Royaume du Maroc,Direction provinciale - Préfecture d'Arrondissement Ain Chock,,,,,,,,,,,YASSAMINE CALIFORNIE,,,03/04/2025,Casablanca,Massar,administratives uniquement,"[""surveillant général / censeur responsable des informations"", ""directeur de l'établissement""]",,,,,,,,,,,,,,,,,,,,,,,,,"Ministère de l'Éducation Nationale, du Préscolaire et des Sports",,,,,,,,,,,,,,,,,,,,,,,,,,,,,,,,16/04/2007,CASABLANCA,Langue anglaise,,,,,,,,,,,,,,,,"Royaume du Maroc
Ministère de l'Éducation Nationale, du Préscolaire et des Sports
Académie Casablanca-Settat

Direction provinciale
Préfecture d'Arrondissement Ain Chock

Ain Chock (Arrondissement)
YASSAMINE
CALIFORNIE

Certificat de scolarité : 2024/2025/43

Monsieur le Directeur certifie que :
L'élève porteur du code n° …
Prénom NOM
Né(e) le : 16/04/2007 à CASABLANCA
Deuxième langue : Langue anglaise

Poursuit ses études dans cet établissement au niveau 1ère Année Baccalauréat Sciences Économiques et Gestion (2024/2025)

Remarques : Ce certificat lui a été délivré par le programme Massar à des fins administratives uniquement.

Fait à Casablanca, le 03/04/2025

Cachet et signature du surveillant général / censeur responsable des informations
Cachet et signature du directeur de l'établissement",cert_fr_002,fr,,,,,,,,2025-04-03,,administrative,secondary,,,YASSAMINE CALIFORNIE,,,,,,,"[""education"", ""baccalaureat"", ""student_records""]",,,,,,,,,,,certificat_scolarite_Rayan.txt,education_certificate,certificat_scolarite_Rayan.txt,"Élève né(e) le 16/04/2007 à Casablanca, étudiant en 1ère Année Baccalauréat Sciences Économiques et Gestion, 2ème langue: Anglais",education_certificate
cert_fr_002_3,cert_fr_002,fr,2024/2025,1ère Année Baccalauréat,Sciences Économiques et Gestion,,,Académie Casablanca-Settat,,,,,,,,,,Ain Chock,,,,,,,,2024/2025/43,,Royaume du Maroc,Direction provinciale - Préfecture d'Arrondissement Ain Chock,,,,,,,,,,,YASSAMINE CALIFORNIE,,,03/04/2025,Casablanca,Massar,administratives uniquement,"[""surveillant général / censeur responsable des informations"", ""directeur de l'établissement""]",,,,,,,,,,,,,,,,,,,,,,,,,"Ministère de l'Éducation Nationale, du Préscolaire et des Sports",,,,,,,,,,,,,,,,,,,,,,,,,,,,,,,,16/04/2007,CASABLANCA,Langue anglaise,,,,,,,,,,,,,,,,"Royaume du Maroc
Ministère de l'Éducation Nationale, du Préscolaire et des Sports
Académie Casablanca-Settat

Direction provinciale
Préfecture d'Arrondissement Ain Chock

Ain Chock (Arrondissement)
YASSAMINE
CALIFORNIE

Certificat de scolarité : 2024/2025/43

Monsieur le Directeur certifie que :
L'élève porteur du code n° …
Prénom NOM
Né(e) le : 16/04/2007 à CASABLANCA
Deuxième langue : Langue anglaise

Poursuit ses études dans cet établissement au niveau 1ère Année Baccalauréat Sciences Économiques et Gestion (2024/2025)

Remarques : Ce certificat lui a été délivré par le programme Massar à des fins administratives uniquement.

Fait à Casablanca, le 03/04/2025

Cachet et signature du surveillant général / censeur responsable des informations
Cachet et signature du directeur de l'établissement",cert_fr_002,fr,,,,,,,,2025-04-03,,administrative,secondary,,,YASSAMINE CALIFORNIE,,,,,,,"[""education"", ""baccalaureat"", ""student_records""]",,,,,,,,,,,certificat_scolarite_Rayan.txt,education_certificate,certificat_scolarite_Rayan.txt,"Certificat délivré via programme Massar à des fins administratives, signé à Casablanca le 03/04/2025 par le surveillant général et directeur",education_certificate
cnops_002_1,cnops_002,fr,,,,,,,,,,,,,,,,,,,,,,,,,,,,,,,,,,,,,,,,,,,,,,,,,,,,,,,,,,,,,,,,,,,,,,,SMART CNOPS,,,,,,,,,,,,,"[{""dossier_number"": ""906377038"", ""received_date"": ""29/10/2024"", ""payment_date"": ""17/02/2028"", ""payment_method"": ""Virement"", ""processing_time"": ""113 jours"", ""amounts"": {""frais_engages"": 2800.0, ""amo"": 1896.0, ""mutuelle"": 378.0, ""total"": 2274.0}}, {""payment_date"": ""07/02/2025"", ""payment_method"": ""Virement"", ""amounts"": {""frais_engages"": 200.0, ""amo"": 128.0, ""mutuelle"": 24.0, ""total"": 152.0}}, {""payment_date"": ""27/11/2024"", ""payment_method"": ""Virement"", ""amounts"": {""frais_engages"": 681.7, ""amo"": 313.57, ""mutuelle"": 54.42, ""total"": 367.99}}, {""payment_date"": ""12/11/2024"", ""payment_method"": ""Virement"", ""amounts"": {""frais_engages"": 471.0, ""amo"": 240.0, ""mutuelle"": 35.0, ""total"": 275.0}}]",,,,,,,,,,,,,,,,,,,,,,6 derniers mois,,,,,,,,,,,,,,"PAYE

Uniquement les dossiers payés des derniers 6 mois sont affichés.

Nb.Dossier(s)     Date de réception     Date Paiement     Mode Paiement     Bénéficiaire     Frais engagés     AMO     Mutuelle     Total

1                 -                     17/02/2028        Virement          -                2800.00           1896.00 378.00       2274.00 
906377038         29/10/2024            Payé en: 113 jours                                   2800.00           18960.0 378.00       2274.00

1                 -                     07/02/2025         Virement         -                200.00            128.00  24.00        152.00

1                 -                     27/11/2024         Virement         -                681.70            313.57  54.42        367.99

1                 -                     12/11/2024         Virement         -                471.00            240.00  35.00        275.00 

Application Moblle : SMART CNOPS - Assuré : > Télécharger",cnops_002,fr,,,,MAD,,,,,,,,,,,,,,CNOPS,,healthcare_payments,"[""healthcare"", ""insurance"", ""reimbursements""]",,,,,,2028-02-17,2024-11-12,,,,cnops2.txt,healthcare_reimbursement,cnops2.txt,"Dossier 906377038 : Paiement par virement le 17/02/2028 pour frais de 2800.00 MAD (AMO: 1896.00, Mutuelle: 378.00, Total: 2274.00), traité en 113 jours",healthcare_reimbursement
cnops_002_2,cnops_002,fr,,,,,,,,,,,,,,,,,,,,,,,,,,,,,,,,,,,,,,,,,,,,,,,,,,,,,,,,,,,,,,,,,,,,,,,SMART CNOPS,,,,,,,,,,,,,"[{""dossier_number"": ""906377038"", ""received_date"": ""29/10/2024"", ""payment_date"": ""17/02/2028"", ""payment_method"": ""Virement"", ""processing_time"": ""113 jours"", ""amounts"": {""frais_engages"": 2800.0, ""amo"": 1896.0, ""mutuelle"": 378.0, ""total"": 2274.0}}, {""payment_date"": ""07/02/2025"", ""payment_method"": ""Virement"", ""amounts"": {""frais_engages"": 200.0, ""amo"": 128.0, ""mutuelle"": 24.0, ""total"": 152.0}}, {""payment_date"": ""27/11/2024"", ""payment_method"": ""Virement"", ""amounts"": {""frais_engages"": 681.7, ""amo"": 313.57, ""mutuelle"": 54.42, ""total"": 367.99}}, {""payment_date"": ""12/11/2024"", ""payment_method"": ""Virement"", ""amounts"": {""frais_engages"": 471.0, ""amo"": 240.0, ""mutuelle"": 35.0, ""total"": 275.0}}]",,,,,,,,,,,,,,,,,,,,,,6 derniers mois,,,,,,,,,,,,,,"PAYE

Uniquement les dossiers payés des derniers 6 mois sont affichés.

Nb.Dossier(s)     Date de réception     Date Paiement     Mode Paiement     Bénéficiaire     Frais engagés     AMO     Mutuelle     Total

1                 -                     17/02/2028        Virement          -                2800.00           1896.00 378.00       2274.00 
906377038         29/10/2024            Payé en: 113 jours                                   2800.00           18960.0 378.00       2274.00

1                 -                     07/02/2025         Virement         -                200.00            128.00  24.00        152.00

1                 -                     27/11/2024         Virement         -                681.70            313.57  54.42        367.99

1                 -                     12/11/2024         Virement         -                471.00            240.00  35.00        275.00 

Application Moblle : SMART CNOPS - Assuré : > Télécharger",cnops_002,fr,,,,MAD,,,,,,,,,,,,,,CNOPS,,healthcare_payments,"[""healthcare"", ""insurance"", ""reimbursements""]",,,,,,2028-02-17,2024-11-12,,,,cnops2.txt,healthcare_reimbursement,cnops2.txt,"Transaction du 07/02/2025 : Remboursement de 200.00 MAD (AMO: 128.00, Mutuelle: 24.00, Total: 152.00) par virement",healthcare_reimbursement
cnops_002_3,cnops_002,fr,,,,,,,,,,,,,,,,,,,,,,,,,,,,,,,,,,,,,,,,,,,,,,,,,,,,,,,,,,,,,,,,,,,,,,,SMART CNOPS,,,,,,,,,,,,,"[{""dossier_number"": ""906377038"", ""received_date"": ""29/10/2024"", ""payment_date"": ""17/02/2028"", ""payment_method"": ""Virement"", ""processing_time"": ""113 jours"", ""amounts"": {""frais_engages"": 2800.0, ""amo"": 1896.0, ""mutuelle"": 378.0, ""total"": 2274.0}}, {""payment_date"": ""07/02/2025"", ""payment_method"": ""Virement"", ""amounts"": {""frais_engages"": 200.0, ""amo"": 128.0, ""mutuelle"": 24.0, ""total"": 152.0}}, {""payment_date"": ""27/11/2024"", ""payment_method"": ""Virement"", ""amounts"": {""frais_engages"": 681.7, ""amo"": 313.57, ""mutuelle"": 54.42, ""total"": 367.99}}, {""payment_date"": ""12/11/2024"", ""payment_method"": ""Virement"", ""amounts"": {""frais_engages"": 471.0, ""amo"": 240.0, ""mutuelle"": 35.0, ""total"": 275.0}}]",,,,,,,,,,,,,,,,,,,,,,6 derniers mois,,,,,,,,,,,,,,"PAYE

Uniquement les dossiers payés des derniers 6 mois sont affichés.

Nb.Dossier(s)     Date de réception     Date Paiement     Mode Paiement     Bénéficiaire     Frais engagés     AMO     Mutuelle     Total

1                 -                     17/02/2028        Virement          -                2800.00           1896.00 378.00       2274.00 
906377038         29/10/2024            Payé en: 113 jours                                   2800.00           18960.0 378.00       2274.00

1                 -                     07/02/2025         Virement         -                200.00            128.00  24.00        152.00

1                 -                     27/11/2024         Virement         -                681.70            313.57  54.42        367.99

1                 -                     12/11/2024         Virement         -                471.00            240.00  35.00        275.00 

Application Moblle : SMART CNOPS - Assuré : > Télécharger",cnops_002,fr,,,,MAD,,,,,,,,,,,,,,CNOPS,,healthcare_payments,"[""healthcare"", ""insurance"", ""reimbursements""]",,,,,,2028-02-17,2024-11-12,,,,cnops2.txt,healthcare_reimbursement,cnops2.txt,Paiements CNOPS via application SMART CNOPS - Dossiers des 6 derniers mois incluant transactions du 12/11/2024 au 17/02/2028,healthcare_reimbursement
sanlam_001_1,sanlam_001,fr,,,,,,,,,,,,,,,,,,,,,,,,,,,,,DECOMPTE DE REMBOURSEMENT,,,,,,,,,,Sanlam,,,,,,,,,,,,,,,,,,,,,,,IC/CCM/SXD,93.14,192.0,2608.0,2800.0,0.0,"[{""procedure"": ""PROTHESE DENTAIRE"", ""cost"": 2600.0, ""non_reimbursable"": 0.0, ""base_plan_reimbursement"": 2496.0, ""additional_reimbursement"": 104.0, ""reimbursement_rate"": 96.0}, {""procedure"": ""SOINS DENTISTE"", ""cost"": 200.0, ""non_reimbursable"": 0.0, ""base_plan_reimbursement"": 112.0, ""additional_reimbursement"": 88.0, ""reimbursement_rate"": 56.0}]",,,,,,,,192.0,Dh,31/01/2025,Casablanca,Direction Indemnisation Soins Santé,,,,,20241020,20/10/2024,,24/10/2024,22/10/2024,,,,,,,,,,,,,,,,,,,,,,,,,,,,,,,"Sanlam
DECOMPTE DE REMBOURSEMENT DESTINE
A L'ASSURE
Bordereau N° : 20241020
Date de réception : 22/10/2024
Date de Réglement : 24/10/2024
Date de survenance : 20/10/2024
Nature de la maladie : IC/CCM/SXD
Actes Médicaux     Frais engagés(Dh)     Montant nom remboursable(Dh)     Remboursement Régime de base(Dh)     Remboursement de la Compagnie(Dh)     Observations
PROTHESE DENTAIRE  2 600.00              0.00                             2496,00                              104,00
SOINS DENTISTE     200.00                0.00                             112.00                               88.00
TOTAUX             2800.00               0.00                             2608.00                              192.00
Règlement de ls Compagnie (Dh): 192,00
Fait à Casablanca. le : 31/01/2025            Directon Indemnisation Soins Santé",sanlam_001,fr,,,,MAD,,,,,health_insurance,,,,,,,,,Sanlam,,,"[""dentistry"", ""insurance"", ""medical_reimbursement""]",,,,,,,,4,2,,decompte_remboursement.txt,insurance_reimbursement,decompte_remboursement.txt,"Sanlam bordereau 20241020: Reçu le 22/10/2024 pour incident du 20/10/2024 (IC/CCM/SXD), réglé le 24/10/2024",insurance_reimbursement
sanlam_001_2,sanlam_001,fr,,,,,,,,,,,,,,,,,,,,,,,,,,,,,DECOMPTE DE REMBOURSEMENT,,,,,,,,,,Sanlam,,,,,,,,,,,,,,,,,,,,,,,IC/CCM/SXD,93.14,192.0,2608.0,2800.0,0.0,"[{""procedure"": ""PROTHESE DENTAIRE"", ""cost"": 2600.0, ""non_reimbursable"": 0.0, ""base_plan_reimbursement"": 2496.0, ""additional_reimbursement"": 104.0, ""reimbursement_rate"": 96.0}, {""procedure"": ""SOINS DENTISTE"", ""cost"": 200.0, ""non_reimbursable"": 0.0, ""base_plan_reimbursement"": 112.0, ""additional_reimbursement"": 88.0, ""reimbursement_rate"": 56.0}]",,,,,,,,192.0,Dh,31/01/2025,Casablanca,Direction Indemnisation Soins Santé,,,,,20241020,20/10/2024,,24/10/2024,22/10/2024,,,,,,,,,,,,,,,,,,,,,,,,,,,,,,,"Sanlam
DECOMPTE DE REMBOURSEMENT DESTINE
A L'ASSURE
Bordereau N° : 20241020
Date de réception : 22/10/2024
Date de Réglement : 24/10/2024
Date de survenance : 20/10/2024
Nature de la maladie : IC/CCM/SXD
Actes Médicaux     Frais engagés(Dh)     Montant nom remboursable(Dh)     Remboursement Régime de base(Dh)     Remboursement de la Compagnie(Dh)     Observations
PROTHESE DENTAIRE  2 600.00              0.00                             2496,00                              104,00
SOINS DENTISTE     200.00                0.00                             112.00                               88.00
TOTAUX             2800.00               0.00                             2608.00                              192.00
Règlement de ls Compagnie (Dh): 192,00
Fait à Casablanca. le : 31/01/2025            Directon Indemnisation Soins Santé",sanlam_001,fr,,,,MAD,,,,,health_insurance,,,,,,,,,Sanlam,,,"[""dentistry"", ""insurance"", ""medical_reimbursement""]",,,,,,,,4,2,,decompte_remboursement.txt,insurance_reimbursement,decompte_remboursement.txt,"Dental treatments: Prothèse dentaire (2600.00 Dh, remboursé à 96%) - Soins dentiste (200.00 Dh, remboursé à 56%)",insurance_reimbursement
sanlam_001_3,sanlam_001,fr,,,,,,,,,,,,,,,,,,,,,,,,,,,,,DECOMPTE DE REMBOURSEMENT,,,,,,,,,,Sanlam,,,,,,,,,,,,,,,,,,,,,,,IC/CCM/SXD,93.14,192.0,2608.0,2800.0,0.0,"[{""procedure"": ""PROTHESE DENTAIRE"", ""cost"": 2600.0, ""non_reimbursable"": 0.0, ""base_plan_reimbursement"": 2496.0, ""additional_reimbursement"": 104.0, ""reimbursement_rate"": 96.0}, {""procedure"": ""SOINS DENTISTE"", ""cost"": 200.0, ""non_reimbursable"": 0.0, ""base_plan_reimbursement"": 112.0, ""additional_reimbursement"": 88.0, ""reimbursement_rate"": 56.0}]",,,,,,,,192.0,Dh,31/01/2025,Casablanca,Direction Indemnisation Soins Santé,,,,,20241020,20/10/2024,,24/10/2024,22/10/2024,,,,,,,,,,,,,,,,,,,,,,,,,,,,,,,"Sanlam
DECOMPTE DE REMBOURSEMENT DESTINE
A L'ASSURE
Bordereau N° : 20241020
Date de réception : 22/10/2024
Date de Réglement : 24/10/2024
Date de survenance : 20/10/2024
Nature de la maladie : IC/CCM/SXD
Actes Médicaux     Frais engagés(Dh)     Montant nom remboursable(Dh)     Remboursement Régime de base(Dh)     Remboursement de la Compagnie(Dh)     Observations
PROTHESE DENTAIRE  2 600.00              0.00                             2496,00                              104,00
SOINS DENTISTE     200.00                0.00                             112.00                               88.00
TOTAUX             2800.00               0.00                             2608.00                              192.00
Règlement de ls Compagnie (Dh): 192,00
Fait à Casablanca. le : 31/01/2025            Directon Indemnisation Soins Santé",sanlam_001,fr,,,,MAD,,,,,health_insurance,,,,,,,,,Sanlam,,,"[""dentistry"", ""insurance"", ""medical_reimbursement""]",,,,,,,,4,2,,decompte_remboursement.txt,insurance_reimbursement,decompte_remboursement.txt,"Total reimbursement: 2800.00 Dh engagés, 2608.00 Dh par régime de base + 192.00 Dh complémentaire, émis à Casablanca le 31/01/2025",insurance_reimbursement
estivage_001_1,estivage_001,fr,,,,,,,,,,,,,,,07/04/2025,,,,,,,,,,"[""Capacity restrictions apply"", ""Must comply with center regulations""]",,,,,,,,"[{""name"": null, ""age"": null}, {""name"": null, ""age"": null}, {""name"": null, ""age"": null}, {""name"": null, ""age"": null}]",,,,,,,,,,,,,,,,,,,,,,,,,,,,,,,,,,,,,,,,الملحق رقم 3,AOS des régies et de la lydec / FOS-MEF,,,,,,,,,,,,,,,,,,,,,,,,,,True,,,,,,,,,,,,,,,,,,,,"الملحق رقم 3
Demande d'estivage
AOS des régies et de la lydec / FOS-MEF

Nom et Prénom de l'Adhérent : 
Tél : 
P.P.R. : 

Séjour demandé pour les personnes suivantes :

(***) Adhérent Oui / Non
Conjoint : Oui / Non (Si oui : Prénom : )
Les enfants à charge : Oui / Non

Prénom et âge du 1er enfant : 

Prénom et âge du 2ème enfant : 
Prénom et âge du 3ème enfant : 

Prénom et âge du 4ème enfant : 

(***) Autres personnes : 

Centre désiré : 

Type de logement : 

Période : Du  au  (inclus)

À : 
Le : 07/04/2025

Signature de l'adhérent

N.B :
Le bénéficiaire ne doit pas dépasser la capacité (nombre de personnes) mentionnée à chaque centre sous peine de refus de son check in par la société de gestion sur place ;
Tout attributaire d'un logement dans un des centres d'estivage est tenu de connaître le règlement d'attribution des séjours et le règlement intérieur des centres et de s'y conformer scrupuleusement.",estivage_001,fr,,,,,,,,,,,,,summer_stay_application,,AOS des régies et de la lydec / FOS-MEF,"[""fr"", ""ar""]",,,,,"[""summer_programs"", ""family_benefits"", ""social_services""]",,,,2025-04-07,,,,,,,demande_estivage.txt,summer_stay_application,demande_estivage.txt,Demande d'estivage form from AOS des régies et de la lydec / FOS-MEF (الملحق رقم 3) for summer stay program with family composition details,summer_stay_application
estivage_001_2,estivage_001,fr,,,,,,,,,,,,,,,07/04/2025,,,,,,,,,,"[""Capacity restrictions apply"", ""Must comply with center regulations""]",,,,,,,,"[{""name"": null, ""age"": null}, {""name"": null, ""age"": null}, {""name"": null, ""age"": null}, {""name"": null, ""age"": null}]",,,,,,,,,,,,,,,,,,,,,,,,,,,,,,,,,,,,,,,,الملحق رقم 3,AOS des régies et de la lydec / FOS-MEF,,,,,,,,,,,,,,,,,,,,,,,,,,True,,,,,,,,,,,,,,,,,,,,"الملحق رقم 3
Demande d'estivage
AOS des régies et de la lydec / FOS-MEF

Nom et Prénom de l'Adhérent : 
Tél : 
P.P.R. : 

Séjour demandé pour les personnes suivantes :

(***) Adhérent Oui / Non
Conjoint : Oui / Non (Si oui : Prénom : )
Les enfants à charge : Oui / Non

Prénom et âge du 1er enfant : 

Prénom et âge du 2ème enfant : 
Prénom et âge du 3ème enfant : 

Prénom et âge du 4ème enfant : 

(***) Autres personnes : 

Centre désiré : 

Type de logement : 

Période : Du  au  (inclus)

À : 
Le : 07/04/2025

Signature de l'adhérent

N.B :
Le bénéficiaire ne doit pas dépasser la capacité (nombre de personnes) mentionnée à chaque centre sous peine de refus de son check in par la société de gestion sur place ;
Tout attributaire d'un logement dans un des centres d'estivage est tenu de connaître le règlement d'attribution des séjours et le règlement intérieur des centres et de s'y conformer scrupuleusement.",estivage_001,fr,,,,,,,,,,,,,summer_stay_application,,AOS des régies et de la lydec / FOS-MEF,"[""fr"", ""ar""]",,,,,"[""summer_programs"", ""family_benefits"", ""social_services""]",,,,2025-04-07,,,,,,,demande_estivage.txt,summer_stay_application,demande_estivage.txt,"Application includes fields for: applicant info (Nom/Prénom, PPR, Tel), spouse/children details (up to 4 children), desired center and housing type",summer_stay_application
estivage_001_3,estivage_001,fr,,,,,,,,,,,,,,,07/04/2025,,,,,,,,,,"[""Capacity restrictions apply"", ""Must comply with center regulations""]",,,,,,,,"[{""name"": null, ""age"": null}, {""name"": null, ""age"": null}, {""name"": null, ""age"": null}, {""name"": null, ""age"": null}]",,,,,,,,,,,,,,,,,,,,,,,,,,,,,,,,,,,,,,,,الملحق رقم 3,AOS des régies et de la lydec / FOS-MEF,,,,,,,,,,,,,,,,,,,,,,,,,,True,,,,,,,,,,,,,,,,,,,,"الملحق رقم 3
Demande d'estivage
AOS des régies et de la lydec / FOS-MEF

Nom et Prénom de l'Adhérent : 
Tél : 
P.P.R. : 

Séjour demandé pour les personnes suivantes :

(***) Adhérent Oui / Non
Conjoint : Oui / Non (Si oui : Prénom : )
Les enfants à charge : Oui / Non

Prénom et âge du 1er enfant : 

Prénom et âge du 2ème enfant : 
Prénom et âge du 3ème enfant : 

Prénom et âge du 4ème enfant : 

(***) Autres personnes : 

Centre désiré : 

Type de logement : 

Période : Du  au  (inclus)

À : 
Le : 07/04/2025

Signature de l'adhérent

N.B :
Le bénéficiaire ne doit pas dépasser la capacité (nombre de personnes) mentionnée à chaque centre sous peine de refus de son check in par la société de gestion sur place ;
Tout attributaire d'un logement dans un des centres d'estivage est tenu de connaître le règlement d'attribution des séjours et le règlement intérieur des centres et de s'y conformer scrupuleusement.",estivage_001,fr,,,,,,,,,,,,,summer_stay_application,,AOS des régies et de la lydec / FOS-MEF,"[""fr"", ""ar""]",,,,,"[""summer_programs"", ""family_benefits"", ""social_services""]",,,,2025-04-07,,,,,,,demande_estivage.txt,summer_stay_application,demande_estivage.txt,Important conditions: Must respect center capacity limits and comply with all regulations. Form signed on 07/04/2025.,summer_stay_application
error_001_1,error_001,fr,,,,,,,,,finances.gov.ma,efos.finances.gov.ma,efos,,,,,,,,,,,,Firefox,,,,,,,Le délai d'attente est dépassé,timeout,,,,,,,,,,,,,,,,,,,,,,,,,,,,,,,,,,,,,,,,,,,,,,,,,,,"[""server_unavailable"", ""server_overload"", ""network_issues"", ""firewall_restrictions"", ""proxy_configuration""]",,,,,,,,,,,,,,,,,,,,,,,,,,,,,,,,,,,,"[""retry_later"", ""check_network_connection"", ""verify_firefox_permissions"", ""check_proxy_settings""]",,"Le délai d'attente est dépassé

Le serveur à l'adresse efos.finances.gov.ma met trop de temps à répondre.
Le site est peut-être temporairement indisponible ou surchargé. Réessayez plus tard ;
Si vous n'arrivez à naviguer sur aucun site, vérifiez la connexion au réseau de votre ordinateur ;

Si votre ordinateur ou votre réseau est protégé par un pare-feu ou un proxy, assurez-vous que Firefox est autorisé à
accéder au Web.

Réessayez",error_001,fr,,web_browsing,,,,,,,,,,connection_timeout,,,,,,,,,"[""technical_support"", ""system_administration""]",,medium,,,,,,,,,erreur_technique.txt,technical_error,erreur_technique.txt,Timeout error accessing efos.finances.gov.ma - Server may be temporarily unavailable or overloaded,technical_error
error_001_2,error_001,fr,,,,,,,,,finances.gov.ma,efos.finances.gov.ma,efos,,,,,,,,,,,,Firefox,,,,,,,Le délai d'attente est dépassé,timeout,,,,,,,,,,,,,,,,,,,,,,,,,,,,,,,,,,,,,,,,,,,,,,,,,,,"[""server_unavailable"", ""server_overload"", ""network_issues"", ""firewall_restrictions"", ""proxy_configuration""]",,,,,,,,,,,,,,,,,,,,,,,,,,,,,,,,,,,,"[""retry_later"", ""check_network_connection"", ""verify_firefox_permissions"", ""check_proxy_settings""]",,"Le délai d'attente est dépassé

Le serveur à l'adresse efos.finances.gov.ma met trop de temps à répondre.
Le site est peut-être temporairement indisponible ou surchargé. Réessayez plus tard ;
Si vous n'arrivez à naviguer sur aucun site, vérifiez la connexion au réseau de votre ordinateur ;

Si votre ordinateur ou votre réseau est protégé par un pare-feu ou un proxy, assurez-vous que Firefox est autorisé à
accéder au Web.

Réessayez",error_001,fr,,web_browsing,,,,,,,,,,connection_timeout,,,,,,,,,"[""technical_support"", ""system_administration""]",,medium,,,,,,,,,erreur_technique.txt,technical_error,erreur_technique.txt,Troubleshooting steps: 1) Check network connection 2) Verify Firefox has web access 3) Review proxy/firewall settings,technical_error
error_001_3,error_001,fr,,,,,,,,,finances.gov.ma,efos.finances.gov.ma,efos,,,,,,,,,,,,Firefox,,,,,,,Le délai d'attente est dépassé,timeout,,,,,,,,,,,,,,,,,,,,,,,,,,,,,,,,,,,,,,,,,,,,,,,,,,,"[""server_unavailable"", ""server_overload"", ""network_issues"", ""firewall_restrictions"", ""proxy_configuration""]",,,,,,,,,,,,,,,,,,,,,,,,,,,,,,,,,,,,"[""retry_later"", ""check_network_connection"", ""verify_firefox_permissions"", ""check_proxy_settings""]",,"Le délai d'attente est dépassé

Le serveur à l'adresse efos.finances.gov.ma met trop de temps à répondre.
Le site est peut-être temporairement indisponible ou surchargé. Réessayez plus tard ;
Si vous n'arrivez à naviguer sur aucun site, vérifiez la connexion au réseau de votre ordinateur ;

Si votre ordinateur ou votre réseau est protégé par un pare-feu ou un proxy, assurez-vous que Firefox est autorisé à
accéder au Web.

Réessayez",error_001,fr,,web_browsing,,,,,,,,,,connection_timeout,,,,,,,,,"[""technical_support"", ""system_administration""]",,medium,,,,,,,,,erreur_technique.txt,technical_error,erreur_technique.txt,Technical message: 'Le délai d'attente est dépassé' - Recommended action: Réessayez (Retry),technical_error
cnops_reimb_001_1,cnops_reimb_001,fr,,,,,,,,,,,,,,,,,68.27,BOUSSAHA HANANE,3000.0,2048.0,,,,,,,,,,,,,,,,,,,,,,,,,,,,,,,,,,,,,,,,,,,,,,,,,,,,,,,,,,,,,,,,"[{""dossier_number"": null, ""received_date"": null, ""beneficiary"": null, ""amounts"": {""frais_engages"": 3000.0, ""amo"": 2024.0, ""mutuelle"": 24.0, ""total"": 2048.0}, ""record_type"": ""aggregate_summary""}, {""dossier_number"": ""90637038"", ""received_date"": ""29/02/2024"", ""beneficiary"": ""BOUSSAHA HANANE"", ""amounts"": {""frais_engages"": 2800.0, ""amo"": 1896.0, ""mutuelle"": 0.0, ""total"": 1896.0, ""reimbursement_rate"": 67.71}, ""processing_time"": ""Pending""}, {""dossier_number"": ""92045540"", ""received_date"": ""07/01/2025"", ""beneficiary"": ""BOUSSAHA HANANE"", ""amounts"": {""frais_engages"": 200.0, ""amo"": 128.0, ""mutuelle"": 24.0, ""total"": 152.0, ""reimbursement_rate"": 76.0}, ""processing_time"": ""Pending""}]",,,,,,,,,,CNOPS Portal (www.cnops.org.ma),EN COURS DE TRAITEMENT,,,,,,,,,,,,2,,,,,,,,,,,,,"www.cnops.org.ma
Remboursements
EN COURS DE TRAITEMENT
Nb.Dossier(n)     Date de réception     Bénéficiaire     Frais engagés     AMO     Mutuelle     Total
2                 _                     _                3000.00           2024.00 24.00        2048.00
90637038          29/02/2024            BOUSSAHA HANANE  2800.00           1896.00 0.00        1896.00
92045540          07/01/2025            BOUSSAHA HANANE  200.00            128.00  24.00        152.00",cnops_reimb_001,fr,,,,MAD,"[""29/02/2024 (non-leap year date)""]",,"[""partial_received_dates""]",,,,,,,,,,,CNOPS,,healthcare_reimbursement,"[""healthcare"", ""insurance"", ""social_security""]",,,processing,,,,,,,,remboursement_cnops1.txt,healthcare_reimbursement_processing,remboursement_cnops1.txt,CNOPS reimbursement processing for beneficiary BOUSSAHA HANANE: 2 pending claims totaling 3000.00 MAD (2048.00 MAD reimbursable),healthcare_reimbursement_processing
cnops_reimb_001_2,cnops_reimb_001,fr,,,,,,,,,,,,,,,,,68.27,BOUSSAHA HANANE,3000.0,2048.0,,,,,,,,,,,,,,,,,,,,,,,,,,,,,,,,,,,,,,,,,,,,,,,,,,,,,,,,,,,,,,,,"[{""dossier_number"": null, ""received_date"": null, ""beneficiary"": null, ""amounts"": {""frais_engages"": 3000.0, ""amo"": 2024.0, ""mutuelle"": 24.0, ""total"": 2048.0}, ""record_type"": ""aggregate_summary""}, {""dossier_number"": ""90637038"", ""received_date"": ""29/02/2024"", ""beneficiary"": ""BOUSSAHA HANANE"", ""amounts"": {""frais_engages"": 2800.0, ""amo"": 1896.0, ""mutuelle"": 0.0, ""total"": 1896.0, ""reimbursement_rate"": 67.71}, ""processing_time"": ""Pending""}, {""dossier_number"": ""92045540"", ""received_date"": ""07/01/2025"", ""beneficiary"": ""BOUSSAHA HANANE"", ""amounts"": {""frais_engages"": 200.0, ""amo"": 128.0, ""mutuelle"": 24.0, ""total"": 152.0, ""reimbursement_rate"": 76.0}, ""processing_time"": ""Pending""}]",,,,,,,,,,CNOPS Portal (www.cnops.org.ma),EN COURS DE TRAITEMENT,,,,,,,,,,,,2,,,,,,,,,,,,,"www.cnops.org.ma
Remboursements
EN COURS DE TRAITEMENT
Nb.Dossier(n)     Date de réception     Bénéficiaire     Frais engagés     AMO     Mutuelle     Total
2                 _                     _                3000.00           2024.00 24.00        2048.00
90637038          29/02/2024            BOUSSAHA HANANE  2800.00           1896.00 0.00        1896.00
92045540          07/01/2025            BOUSSAHA HANANE  200.00            128.00  24.00        152.00",cnops_reimb_001,fr,,,,MAD,"[""29/02/2024 (non-leap year date)""]",,"[""partial_received_dates""]",,,,,,,,,,,CNOPS,,healthcare_reimbursement,"[""healthcare"", ""insurance"", ""social_security""]",,,processing,,,,,,,,remboursement_cnops1.txt,healthcare_reimbursement_processing,remboursement_cnops1.txt,"Dossier 90637038 (29/02/2024): 2800.00 MAD medical costs, 1896.00 MAD AMO coverage (67.71% reimbursement rate)",healthcare_reimbursement_processing
cnops_reimb_001_3,cnops_reimb_001,fr,,,,,,,,,,,,,,,,,68.27,BOUSSAHA HANANE,3000.0,2048.0,,,,,,,,,,,,,,,,,,,,,,,,,,,,,,,,,,,,,,,,,,,,,,,,,,,,,,,,,,,,,,,,"[{""dossier_number"": null, ""received_date"": null, ""beneficiary"": null, ""amounts"": {""frais_engages"": 3000.0, ""amo"": 2024.0, ""mutuelle"": 24.0, ""total"": 2048.0}, ""record_type"": ""aggregate_summary""}, {""dossier_number"": ""90637038"", ""received_date"": ""29/02/2024"", ""beneficiary"": ""BOUSSAHA HANANE"", ""amounts"": {""frais_engages"": 2800.0, ""amo"": 1896.0, ""mutuelle"": 0.0, ""total"": 1896.0, ""reimbursement_rate"": 67.71}, ""processing_time"": ""Pending""}, {""dossier_number"": ""92045540"", ""received_date"": ""07/01/2025"", ""beneficiary"": ""BOUSSAHA HANANE"", ""amounts"": {""frais_engages"": 200.0, ""amo"": 128.0, ""mutuelle"": 24.0, ""total"": 152.0, ""reimbursement_rate"": 76.0}, ""processing_time"": ""Pending""}]",,,,,,,,,,CNOPS Portal (www.cnops.org.ma),EN COURS DE TRAITEMENT,,,,,,,,,,,,2,,,,,,,,,,,,,"www.cnops.org.ma
Remboursements
EN COURS DE TRAITEMENT
Nb.Dossier(n)     Date de réception     Bénéficiaire     Frais engagés     AMO     Mutuelle     Total
2                 _                     _                3000.00           2024.00 24.00        2048.00
90637038          29/02/2024            BOUSSAHA HANANE  2800.00           1896.00 0.00        1896.00
92045540          07/01/2025            BOUSSAHA HANANE  200.00            128.00  24.00        152.00",cnops_reimb_001,fr,,,,MAD,"[""29/02/2024 (non-leap year date)""]",,"[""partial_received_dates""]",,,,,,,,,,,CNOPS,,healthcare_reimbursement,"[""healthcare"", ""insurance"", ""social_security""]",,,processing,,,,,,,,remboursement_cnops1.txt,healthcare_reimbursement_processing,remboursement_cnops1.txt,"Dossier 92045540 (07/01/2025): 200.00 MAD costs, 152.00 MAD total reimbursement (76% rate) - Both claims currently in process",healthcare_reimbursement_processing
ticket_001_1,ticket_001,fr,,,,,,,,,,,,,,,,,,,,,,,,,,,,,,,,,,,,,,,,,,,,,,,,,,,,,MARRAKECH,13:14,,AEROPORT Med V,09:50,3h24m,,,,,,,,,,,,,,,,,"[{""passenger_number"": 1, ""type"": ""Adulte"", ""title"": ""Monsieur/Madame"", ""name"": {""latin"": ""SOUMIA IDRISSI-YAZNASSNI"", ""arabic"": ""سمية ادريسي يزناسني"", ""breakdown"": {""given_name"": ""SOUMIA/سمية"", ""family_name"": ""IDRISSI-YAZNASSNI/ادريسي يزناسني""}}, ""contact"": {""email"": null, ""phone"": ""+212""}}]",,,,,,,,,,,,,,,"[""Name must match ID document""]",,,,,,,,,,,,,,,e-billet nominatif,,,,,,,,,,,,,,,"Le e-billet est nominatif, veuillez entrer le nom et prénom de chaque voyageur tels qu'ils figurent sur sa pièce d'identité.

Mon 1er Voyage AEROPORT Med V(09:50) > MARRAKECH (13:14)

Passager 1 Adulte
Je suis

 Monsieur. © Madame.

prénom nom

SOUMIA IDRISSI-YAZNASSNI
الاسم الشخصي الاسم العائلي
سمية ادريسي يزناسني

E-mail N° de téléphone

E-mail + 212Maroc",ticket_001,fr,,,,,,,,,,,,,,,,,"[""name""]",,,,"[""travel"", ""transportation"", ""tourism""]",PII present,,,,standard,,,,,flight,ticket_reservation.txt,travel_ticket,ticket_reservation.txt,Nominal e-ticket for travel from AEROPORT Med V (09:50) to MARRAKECH (13:14) - 3h24m duration,travel_ticket
ticket_001_2,ticket_001,fr,,,,,,,,,,,,,,,,,,,,,,,,,,,,,,,,,,,,,,,,,,,,,,,,,,,,,MARRAKECH,13:14,,AEROPORT Med V,09:50,3h24m,,,,,,,,,,,,,,,,,"[{""passenger_number"": 1, ""type"": ""Adulte"", ""title"": ""Monsieur/Madame"", ""name"": {""latin"": ""SOUMIA IDRISSI-YAZNASSNI"", ""arabic"": ""سمية ادريسي يزناسني"", ""breakdown"": {""given_name"": ""SOUMIA/سمية"", ""family_name"": ""IDRISSI-YAZNASSNI/ادريسي يزناسني""}}, ""contact"": {""email"": null, ""phone"": ""+212""}}]",,,,,,,,,,,,,,,"[""Name must match ID document""]",,,,,,,,,,,,,,,e-billet nominatif,,,,,,,,,,,,,,,"Le e-billet est nominatif, veuillez entrer le nom et prénom de chaque voyageur tels qu'ils figurent sur sa pièce d'identité.

Mon 1er Voyage AEROPORT Med V(09:50) > MARRAKECH (13:14)

Passager 1 Adulte
Je suis

 Monsieur. © Madame.

prénom nom

SOUMIA IDRISSI-YAZNASSNI
الاسم الشخصي الاسم العائلي
سمية ادريسي يزناسني

E-mail N° de téléphone

E-mail + 212Maroc",ticket_001,fr,,,,,,,,,,,,,,,,,"[""name""]",,,,"[""travel"", ""transportation"", ""tourism""]",PII present,,,,standard,,,,,flight,ticket_reservation.txt,travel_ticket,ticket_reservation.txt,"Passenger 1: SOUMIA IDRISSI-YAZNASSNI (Adult), Arabic name: سمية ادريسي يزناسني, Contact: +212",travel_ticket
ticket_001_3,ticket_001,fr,,,,,,,,,,,,,,,,,,,,,,,,,,,,,,,,,,,,,,,,,,,,,,,,,,,,,MARRAKECH,13:14,,AEROPORT Med V,09:50,3h24m,,,,,,,,,,,,,,,,,"[{""passenger_number"": 1, ""type"": ""Adulte"", ""title"": ""Monsieur/Madame"", ""name"": {""latin"": ""SOUMIA IDRISSI-YAZNASSNI"", ""arabic"": ""سمية ادريسي يزناسني"", ""breakdown"": {""given_name"": ""SOUMIA/سمية"", ""family_name"": ""IDRISSI-YAZNASSNI/ادريسي يزناسني""}}, ""contact"": {""email"": null, ""phone"": ""+212""}}]",,,,,,,,,,,,,,,"[""Name must match ID document""]",,,,,,,,,,,,,,,e-billet nominatif,,,,,,,,,,,,,,,"Le e-billet est nominatif, veuillez entrer le nom et prénom de chaque voyageur tels qu'ils figurent sur sa pièce d'identité.

Mon 1er Voyage AEROPORT Med V(09:50) > MARRAKECH (13:14)

Passager 1 Adulte
Je suis

 Monsieur. © Madame.

prénom nom

SOUMIA IDRISSI-YAZNASSNI
الاسم الشخصي الاسم العائلي
سمية ادريسي يزناسني

E-mail N° de téléphone

E-mail + 212Maroc",ticket_001,fr,,,,,,,,,,,,,,,,,"[""name""]",,,,"[""travel"", ""transportation"", ""tourism""]",PII present,,,,standard,,,,,flight,ticket_reservation.txt,travel_ticket,ticket_reservation.txt,Important requirement: Passenger name must exactly match ID document. Electronic ticket with incomplete contact information.,travel_ticket
treasury_001_1,treasury_001,fr,,,,,,,,,,,,,,,,,,,,,,,,,,,,,,,,,,,,,,,,,,,,,,,,1000 - A.B. TANGER,Tanger,TRÉSORERIE GÉNÉRALE DU ROYAUME,,,,,,,,,,,,,,,,,,,"[""Beneficiary name appears incomplete"", ""Missing reference and account numbers""]",,,,,,,,,,,,,,,,,,,,,,,,,,,,,,,,,,,,,,,,MAD,1260.0,mille deux cent soixante Dirhams,FONDATION DES OEUVRES SOCIALES DU [incomplete],08.05.25,1 day,09.05.25,,VERSEMENT DÉPLACÉ,,,"TRÉSORERIE GÉNÉRALE DU ROYAUME

1000 - A.B. TANGER

VERSEMENT DÉPLACÉ

REFERENCE : 

NOUS PORTONS AU CREDIT DE VOTRE COMPTE NO 

AU NOM DE : FONDATION DES OEUVRES SOCIALES DU

UN MONTANT DE 1.260,00 DIRHAM

SOIT mille deux cent soixante Dirhams

DATE VALEUR..:09.05.25

LE : 08.05.25, A TANGER",treasury_001,fr,,,Morocco,,,0.7,"[""reference_number"", ""account_number"", ""full_beneficiary_name""]",,,,,,,,,,,,government_treasury,,"[""public_finance"", ""social_services""]",,,,,,,,,,,tresorerie_generale_royaume.txt,government_payment,tresorerie_generale_royaume.txt,"Payment order from TRÉSORERIE GÉNÉRALE DU ROYAUME (Tanger branch) for 1,260.00 MAD to FONDATION DES OEUVRES SOCIALES",government_payment
treasury_001_2,treasury_001,fr,,,,,,,,,,,,,,,,,,,,,,,,,,,,,,,,,,,,,,,,,,,,,,,,1000 - A.B. TANGER,Tanger,TRÉSORERIE GÉNÉRALE DU ROYAUME,,,,,,,,,,,,,,,,,,,"[""Beneficiary name appears incomplete"", ""Missing reference and account numbers""]",,,,,,,,,,,,,,,,,,,,,,,,,,,,,,,,,,,,,,,,MAD,1260.0,mille deux cent soixante Dirhams,FONDATION DES OEUVRES SOCIALES DU [incomplete],08.05.25,1 day,09.05.25,,VERSEMENT DÉPLACÉ,,,"TRÉSORERIE GÉNÉRALE DU ROYAUME

1000 - A.B. TANGER

VERSEMENT DÉPLACÉ

REFERENCE : 

NOUS PORTONS AU CREDIT DE VOTRE COMPTE NO 

AU NOM DE : FONDATION DES OEUVRES SOCIALES DU

UN MONTANT DE 1.260,00 DIRHAM

SOIT mille deux cent soixante Dirhams

DATE VALEUR..:09.05.25

LE : 08.05.25, A TANGER",treasury_001,fr,,,Morocco,,,0.7,"[""reference_number"", ""account_number"", ""full_beneficiary_name""]",,,,,,,,,,,,government_treasury,,"[""public_finance"", ""social_services""]",,,,,,,,,,,tresorerie_generale_royaume.txt,government_payment,tresorerie_generale_royaume.txt,"Transaction details: Value date 09.05.25, executed on 08.05.25 as VERSEMENT DÉPLACÉ type - 1 day processing",government_payment
treasury_001_3,treasury_001,fr,,,,,,,,,,,,,,,,,,,,,,,,,,,,,,,,,,,,,,,,,,,,,,,,1000 - A.B. TANGER,Tanger,TRÉSORERIE GÉNÉRALE DU ROYAUME,,,,,,,,,,,,,,,,,,,"[""Beneficiary name appears incomplete"", ""Missing reference and account numbers""]",,,,,,,,,,,,,,,,,,,,,,,,,,,,,,,,,,,,,,,,MAD,1260.0,mille deux cent soixante Dirhams,FONDATION DES OEUVRES SOCIALES DU [incomplete],08.05.25,1 day,09.05.25,,VERSEMENT DÉPLACÉ,,,"TRÉSORERIE GÉNÉRALE DU ROYAUME

1000 - A.B. TANGER

VERSEMENT DÉPLACÉ

REFERENCE : 

NOUS PORTONS AU CREDIT DE VOTRE COMPTE NO 

AU NOM DE : FONDATION DES OEUVRES SOCIALES DU

UN MONTANT DE 1.260,00 DIRHAM

SOIT mille deux cent soixante Dirhams

DATE VALEUR..:09.05.25

LE : 08.05.25, A TANGER",treasury_001,fr,,,Morocco,,,0.7,"[""reference_number"", ""account_number"", ""full_beneficiary_name""]",,,,,,,,,,,,government_treasury,,"[""public_finance"", ""social_services""]",,,,,,,,,,,tresorerie_generale_royaume.txt,government_payment,tresorerie_generale_royaume.txt,"Data notes: Missing reference/account numbers, beneficiary name possibly truncated. Amount: 1260.00 MAD (mille deux cent soixante Dirhams)",government_payment
2a9853c7-d0fc-4f48-b58b-2834728203b5,ae79ce1f-9cb4-4083-81cf-977ee459c828,unknown,,,,,,,,,,,,,,,,,,,,,,,,,,,,,,,,,,,,,,,,,,,,,,,,,,,,,,,,,,,,,,,,,,,,,,,,,,,,,,,,,,,,,,,,,,,,,,,,,,,,,,,,,,,,,,,,,,,,,,,,,,,,,,,,,,,,,,,,,,,,,,,,,,,,,,,,,,,,qa_dataset,"uestion : Madame, Monsieur, Je me permets de vous adresser la présente réclamation concernant ma demande de prêt effectuée via votre application. En effet, j’ai récemment soumis une demande, mais je me suis rendu compte que celle-ci a été faite de manière erronée. En effet, par inadvertance, je n'ai pas pris en compte la date de début de la demande mentionnée sur la circulaire que j'ai reçue, ce qui a conduit à une erreur dans la date de ma demande. Je regrette sincèrement cette négligence de ma part et me rends compte que cela risque de bloquer ma demande et de m'empêcher de la renouveler correctement à la date prévue. Je vous serais reconnaissante de bien vouloir prendre en considération cette erreur et procéder à la rectification de cette situation afin de me permettre de la refaire à la date prévue. Je vous remercie par avance pour votre compréhension et reste à votre disposition pour toute information complémentaire. Dans l'attente de votre réponse, je vous prie d’agréer,Monsieur, l’expression de mes salutations distinguées.",question
a11a3f36-b8ec-44fa-aac5-ddfa0bf91592,e3080eba-113a-45ee-a130-aad6e6a11e31,unknown,,,,,,,,,,,,,,,,,,,,,,,,,,,,,,,,,,,,,,,,,,,,,,,,,,,,,,,,,,,,,,,,,,,,,,,,,,,,,,,,,,,,,,,,,,,,,,,,,,,,,,,,,,,,,,,,,,,,,,,,,,,,,,,,,,,,,,,,,,,,,,,,,,,,,,,,,,,,qa_dataset,"eponse : Bonjour, Merci de nous communiquer votre PPR.",response
04bf8882-eb9b-4eea-a019-6034504521ba,49b42f2f-37b6-4293-9920-832329a2b24e,unknown,,,,,,,,,,,,,,,,,,,,,,,,,,,,,,,,,,,,,,,,,,,,,,,,,,,,,,,,,,,,,,,,,,,,,,,,,,,,,,,,,,,,,,,,,,,,,,,,,,,,,,,,,,,,,,,,,,,,,,,,,,,,,,,,,,,,,,,,,,,,,,,,,,,,,,,,,,,,qa_dataset,"Bonjour Kawtar, Cette adhérente a été contactée par TLF le lendemain (18/03/2025). Elle a pu également effectuer sa demande de PS le 20/03/2025. Dans l’attente du rejet de sa demande de prêt exceptionnel.",question
15465b48-3588-4537-87d0-fc4784338883,b842cc43-6c7d-4319-a008-15db3b3d8efc,unknown,,,,,,,,,,,,,,,,,,,,,,,,,,,,,,,,,,,,,,,,,,,,,,,,,,,,,,,,,,,,,,,,,,,,,,,,,,,,,,,,,,,,,,,,,,,,,,,,,,,,,,,,,,,,,,,,,,,,,,,,,,,,,,,,,,,,,,,,,,,,,,,,,,,,,,,,,,,,qa_dataset,uestion2 : Bj j'attends toujours le déblocage de ce crédit Cordialement,question
6d9277fb-b41f-4557-b222-328011ae5d52,2d5ae011-27a5-4954-89ea-3a2e6e6239ba,unknown,,,,,,,,,,,,,,,,,,,,,,,,,,,,,,,,,,,,,,,,,,,,,,,,,,,,,,,,,,,,,,,,,,,,,,,,,,,,,,,,,,,,,,,,,,,,,,,,,,,,,,,,,,,,,,,,,,,,,,,,,,,,,,,,,,,,,,,,,,,,,,,,,,,,,,,,,,,,qa_dataset,3 : Salam Voilà j’ai soumis la demande de prêt au niveau du prêt social le 20 mars à 10h05 min. Je suis très déçue sincèrement. Parce ce que j’ai un besoin incessant de cette somme. Bonne journée,question
4e5d8569-8106-4e6d-84e1-f07911165c9d,e04137fb-c3d7-4a36-b70a-9f98237097d5,unknown,,,,,,,,,,,,,,,,,,,,,,,,,,,,,,,,,,,,,,,,,,,,,,,,,,,,,,,,,,,,,,,,,,,,,,,,,,,,,,,,,,,,,,,,,,,,,,,,,,,,,,,,,,,,,,,,,,,,,,,,,,,,,,,,,,,,,,,,,,,,,,,,,,,,,,,,,,,,qa_dataset,"Salam, Merci infiniment pour votre  écoute et votre compréhension et la réactivité rapide de l’équipe chargée du contact FOS. Je suis dans la gratitude  envers vous. Fière toujours d’appartenir au Ministère des Finances. Cordialement,",response
16d921f9-a82b-44b1-8ba8-c4eba0d6daee,6d70d142-5732-4fc1-86f6-6e25c8b06174,unknown,,,,,,,,,,,,,,,,,,,,,,,,,,,,,,,,,,,,,,,,,,,,,,,,,,,,,,,,,,,,,,,,,,,,,,,,,,,,,,,,,,,,,,,,,,,,,,,,,,,,,,,,,,,,,,,,,,,,,,,,,,,,,,,,,,,,,,,,,,,,,,,,,,,,,,,,,,,,qa_dataset,"Bonjour, Suite à notre demande ci-joint (la journée du 12 inclus) nous vous informons que lors de notre check in le gestionnaire du centre nous a demandé de vous contacter pour modifier le bon et inclure la journée du 12 en précisant que la période est: du 09/04 au 13/04 au lieu de : du 09/04 au 12/04 (pour lui la date fin c’est la date de sortie et ce n’est pas le dernier jour de séjour) Salutation, Bonjour, Vous trouverez ci-joint ma demande du centre d’estivage pour la période allant du 09/04/2025 au 12/04/2025 inclus. Merci de traiter cette demande le plutôt possible ( vu la période demandée). Salutation, Bonjour, Je vous contacte aujourd'hui pour exprimer mon mécontentement concernant le remboursement que j'ai reçu pour ma récente demande de prise en charge des frais de santé liés à des soins dentaires (prothèse dentaire) En effet, le montant remboursé par votre service ne couvre pas la différence entre les frais engagés et le montant pris en charge par le régime de base de l'Assurance Maladie Obligatoire. Voici les détails de ma situation : Montant total des frais engagés : 2800.00 Montant remboursé par le régime de base : 1896.00 Montant remboursé par votre organisme : 192.00 Reste à charge : 712.00 Je vous joins à cette lettre les documents justificatifs nécessaires, notamment : Le décompte de remboursement de l'Assurance Maladie Le décompte de remboursement de votre organisme Je vous serais reconnaissant de bien vouloir traiter cette réclamation dans les meilleurs délais et de me tenir informé des suites données. Je reste à votre disposition pour toute information complémentaire que vous pourriez nécessiter. Dans l'attente de votre réponse, je vous prie d'agréer, Madame, Monsieur, l'expression de mes salutations distinguées.",question
8039c289-d0e4-4abc-860b-f55c6b504332,e4a30484-a4dc-429f-8c72-eef45ae16dcc,unknown,,,,,,,,,,,,,,,,,,,,,,,,,,,,,,,,,,,,,,,,,,,,,,,,,,,,,,,,,,,,,,,,,,,,,,,,,,,,,,,,,,,,,,,,,,,,,,,,,,,,,,,,,,,,,,,,,,,,,,,,,,,,,,,,,,,,,,,,,,,,,,,,,,,,,,,,,,,,qa_dataset,"Bonjour, Le décompte transmis et en état « en cours de traitement « et non un décompte définitif, merci de nous transmettre le décompte avec statut payé. Cdt.",question
fdb51526-2730-4d20-9cae-0f2c5f51d9d9,f39d84ef-10e4-4441-82ed-593b6ed5ef05,unknown,,,,,,,,,,,,,,,,,,,,,,,,,,,,,,,,,,,,,,,,,,,,,,,,,,,,,,,,,,,,,,,,,,,,,,,,,,,,,,,,,,,,,,,,,,,,,,,,,,,,,,,,,,,,,,,,,,,,,,,,,,,,,,,,,,,,,,,,,,,,,,,,,,,,,,,,,,,,qa_dataset,"Bonjour, Merci de trouver ci-joint le décompte définitif. Prière de faire le nécessaire puisque les frais engagés ne sont pas toujours pas couverts même après la rectification effectuée par la cnops. Cordialement.",response
bb3a4eaa-d686-4b1f-a6cd-8093935d4ffa,b3b0ca3d-0807-465a-ab84-5f3f2ae9a5db,unknown,,,,,,,,,,,,,,,,,,,,,,,,,,,,,,,,,,,,,,,,,,,,,,,,,,,,,,,,,,,,,,,,,,,,,,,,,,,,,,,,,,,,,,,,,,,,,,,,,,,,,,,,,,,,,,,,,,,,,,,,,,,,,,,,,,,,,,,,,,,,,,,,,,,,,,,,,,,,qa_dataset,"Bonjour Suivant le décompte transmis par vos soins le reste à charge est de 334 dhs et non 712 dhs: Sachant que si l’ensemble des actes sont à caractère ambulatoire, le remboursement de la compagnie contractuelle est plafonné à 60% du TNR. Cordialement",response
1fb42f0c-4775-4daa-98d5-6bb60e1f36f3,df51772b-39ca-40d1-ac50-1e3999b2bb74,unknown,,,,,,,,,,,,,,,,,,,,,,,,,,,,,,,,,,,,,,,,,,,,,,,,,,,,,,,,,,,,,,,,,,,,,,,,,,,,,,,,,,,,,,,,,,,,,,,,,,,,,,,,,,,,,,,,,,,,,,,,,,,,,,,,,,,,,,,,,,,,,,,,,,,,,,,,,,,,qa_dataset,Bonjour PPR :1 Bonjour Veuillez trouver ci-joint une copie de  certificat de scolarité AVRIL 2024 pour l'enfant Rayan sousou. Merci de votre compréhension.,question
e60bd9de-d5bb-41b4-84dc-5cfac0f29a77,723f5e6e-ba73-49b2-a677-53d637491541,unknown,,,,,,,,,,,,,,,,,,,,,,,,,,,,,,,,,,,,,,,,,,,,,,,,,,,,,,,,,,,,,,,,,,,,,,,,,,,,,,,,,,,,,,,,,,,,,,,,,,,,,,,,,,,,,,,,,,,,,,,,,,,,,,,,,,,,,,,,,,,,,,,,,,,,,,,,,,,,qa_dataset,"Bonjour PPR : 1 Bonjour ,Veuillez trouver ci-joint une copie de certificat de scolarité Avril 2025 pour l'enfant Rayan sousou. Merci de votre compréhension.",question
94766d40-3bd2-43b3-819d-8a15473695a9,66093abc-2656-428c-a3f4-8acbd9935a0f,unknown,,,,,,,,,,,,,,,,,,,,,,,,,,,,,,,,,,,,,,,,,,,,,,,,,,,,,,,,,,,,,,,,,,,,,,,,,,,,,,,,,,,,,,,,,,,,,,,,,,,,,,,,,,,,,,,,,,,,,,,,,,,,,,,,,,,,,,,,,,,,,,,,,,,,,,,,,,,,qa_dataset,"Bonjour, Nous avons bien reçu votre demande. Cordialement.",response
445bf632-97e3-4322-a819-74b92d09aa80,abb3e948-7659-4f28-9d0a-c7edc85ef425,unknown,,,,,,,,,,,,,,,,,,,,,,,,,,,,,,,,,,,,,,,,,,,,,,,,,,,,,,,,,,,,,,,,,,,,,,,,,,,,,,,,,,,,,,,,,,,,,,,,,,,,,,,,,,,,,,,,,,,,,,,,,,,,,,,,,,,,,,,,,,,,,,,,,,,,,,,,,,,,qa_dataset,"Bonjour, Je vous prie de bien vouloir trouver ci-attaché le certificat de scolarité de mon fils corus Rayane, ayant un handicap d'autisme. Bien cordialement",question
f108b8cc-08cc-4ec0-a949-efa49832a746,22b8d902-4df6-49d2-82f7-e0c6cc770bb2,unknown,,,,,,,,,,,,,,,,,,,,,,,,,,,,,,,,,,,,,,,,,,,,,,,,,,,,,,,,,,,,,,,,,,,,,,,,,,,,,,,,,,,,,,,,,,,,,,,,,,,,,,,,,,,,,,,,,,,,,,,,,,,,,,,,,,,,,,,,,,,,,,,,,,,,,,,,,,,,qa_dataset,"Bonjour, Merci de nous communiquer votre PPR.",question
a917e477-7286-4d78-8797-551a0f797602,e7f7067f-ed6e-4263-ab33-19799e1bb619,unknown,,,,,,,,,,,,,,,,,,,,,,,,,,,,,,,,,,,,,,,,,,,,,,,,,,,,,,,,,,,,,,,,,,,,,,,,,,,,,,,,,,,,,,,,,,,,,,,,,,,,,,,,,,,,,,,,,,,,,,,,,,,,,,,,,,,,,,,,,,,,,,,,,,,,,,,,,,,,qa_dataset,"Bonjour, M. dari SALEM , PPR: 2 Merci",response
9c609955-1342-4e2a-ae64-72209f7e36d2,85585ab1-2316-4cdc-96f4-d04e689dd123,unknown,,,,,,,,,,,,,,,,,,,,,,,,,,,,,,,,,,,,,,,,,,,,,,,,,,,,,,,,,,,,,,,,,,,,,,,,,,,,,,,,,,,,,,,,,,,,,,,,,,,,,,,,,,,,,,,,,,,,,,,,,,,,,,,,,,,,,,,,,,,,,,,,,,,,,,,,,,,,qa_dataset,merci de m envoyer la dite circulaire . cordialement,question
1717b79d-4dcf-4b82-8be2-8fe878a8ad95,cee41d49-87c1-4b7f-83e1-b1d3b957c684,unknown,,,,,,,,,,,,,,,,,,,,,,,,,,,,,,,,,,,,,,,,,,,,,,,,,,,,,,,,,,,,,,,,,,,,,,,,,,,,,,,,,,,,,,,,,,,,,,,,,,,,,,,,,,,,,,,,,,,,,,,,,,,,,,,,,,,,,,,,,,,,,,,,,,,,,,,,,,,,qa_dataset,"Bonjour, Merci de nous communiquer votre PPR . Cordialement.",response
34ecd92e-84c4-45ce-a31f-cabecfd89c4d,0c3dfa35-f3a3-44d1-939f-3c755c5235a4,unknown,,,,,,,,,,,,,,,,,,,,,,,,,,,,,,,,,,,,,,,,,,,,,,,,,,,,,,,,,,,,,,,,,,,,,,,,,,,,,,,,,,,,,,,,,,,,,,,,,,,,,,,,,,,,,,,,,,,,,,,,,,,,,,,,,,,,,,,,,,,,,,,,,,,,,,,,,,,,qa_dataset,PPR :3,question
e049df83-d12e-4761-9436-a25a7ae3233b,40d21efa-4c9d-48f9-b474-3b5210731521,unknown,,,,,,,,,,,,,,,,,,,,,,,,,,,,,,,,,,,,,,,,,,,,,,,,,,,,,,,,,,,,,,,,,,,,,,,,,,,,,,,,,,,,,,,,,,,,,,,,,,,,,,,,,,,,,,,,,,,,,,,,,,,,,,,,,,,,,,,,,,,,,,,,,,,,,,,,,,,,qa_dataset,"Bonjour, Veuillez trouver en PJ la circulaire de la ristourne(mise à jour) pour l'année 2025. Cordialement.",response
170fd4d8-000d-4265-b737-79290530309f,81d52e78-daaa-4ad0-a7bf-4343f6ec4b2b,unknown,,,,,,,,,,,,,,,,,,,,,,,,,,,,,,,,,,,,,,,,,,,,,,,,,,,,,,,,,,,,,,,,,,,,,,,,,,,,,,,,,,,,,,,,,,,,,,,,,,,,,,,,,,,,,,,,,,,,,,,,,,,,,,,,,,,,,,,,,,,,,,,,,,,,,,,,,,,,qa_dataset,"Bonjour,

Je vous informe que j'ai essayé depuis hier plusieurs fois pour accéder à la plateforme pour insérer l'attestation des intérêts, sans aucun résultats.

Je porte à votre connaissance que j'ai essayé sur tous les navigateurs evec des PCs différents et également sur l'application mobile.

Prière de me diriger vers la solution adéquate à ce problème.

Fouad MASA
PPR: 4

Cordialement",question
2d1367e2-5082-446b-9cf1-47d7ba2816b7,ba696866-a999-4c24-be09-25a6da39e01e,unknown,,,,,,,,,,,,,,,,,,,,,,,,,,,,,,,,,,,,,,,,,,,,,,,,,,,,,,,,,,,,,,,,,,,,,,,,,,,,,,,,,,,,,,,,,,,,,,,,,,,,,,,,,,,,,,,,,,,,,,,,,,,,,,,,,,,,,,,,,,,,,,,,,,,,,,,,,,,,qa_dataset,"Bonjour,

Merci de nous envoyer une capture d'écran du problème.

Cordialement.",response
e27833a2-e789-40a1-a874-3009d74e34a9,4b1a4386-8150-442f-838c-34d6e2f3e25c,unknown,,,,,,,,,,,,,,,,,,,,,,,,,,,,,,,,,,,,,,,,,,,,,,,,,,,,,,,,,,,,,,,,,,,,,,,,,,,,,,,,,,,,,,,,,,,,,,,,,,,,,,,,,,,,,,,,,,,,,,,,,,,,,,,,,,,,,,,,,,,,,,,,,,,,,,,,,,,,qa_dataset,"Rebonjour,

Ci-joint la capture d'écran du problème (Il me donne même pas l'onglet pour entrer l'identifiant et le mot de passe). Alors que sur l'application mobile après la saisie de l'identifiant et du mot de passe il affiche le message ""erreur technique"".

Cordialement.",question
a7f8fa2f-6807-429f-a823-4a50bab8be38,fd5befd6-4338-4404-a593-f1a73420f37c,unknown,,,,,,,,,,,,,,,,,,,,,,,,,,,,,,,,,,,,,,,,,,,,,,,,,,,,,,,,,,,,,,,,,,,,,,,,,,,,,,,,,,,,,,,,,,,,,,,,,,,,,,,,,,,,,,,,,,,,,,,,,,,,,,,,,,,,,,,,,,,,,,,,,,,,,,,,,,,,qa_dataset,"Bonjour,

Prière de changer le navigateur (Google chrome) ou d'accéder via votre PC personnel.

Cordialement.",response
bb012cae-b8ff-4129-a959-353f88cdf74e,aee6244f-721d-4b4d-83bb-a51b1753976c,unknown,,,,,,,,,,,,,,,,,,,,,,,,,,,,,,,,,,,,,,,,,,,,,,,,,,,,,,,,,,,,,,,,,,,,,,,,,,,,,,,,,,,,,,,,,,,,,,,,,,,,,,,,,,,,,,,,,,,,,,,,,,,,,,,,,,,,,,,,,,,,,,,,,,,,,,,,,,,,qa_dataset,"Bonjour
J'ai essayer tous les navigateurs et sur PC fixe et portable, toujours le même problème.

Cordialement",question
0368ce53-cd46-4382-8412-6ba2cc6942b8,73f2e88b-0583-4724-a1b4-94282039fedf,unknown,,,,,,,,,,,,,,,,,,,,,,,,,,,,,,,,,,,,,,,,,,,,,,,,,,,,,,,,,,,,,,,,,,,,,,,,,,,,,,,,,,,,,,,,,,,,,,,,,,,,,,,,,,,,,,,,,,,,,,,,,,,,,,,,,,,,,,,,,,,,,,,,,,,,,,,,,,,,qa_dataset,Bonjour Un test de récupération du mot de passe a été effectué avec succès. Merci de vérifier s’il n’y a pas d’espace lors de la saisie. Cordialement.,response
11e954d8-bb36-4d15-bb3f-95f992eaac8e,ec2992ca-4a40-48d1-a83d-38ccaa040bf3,unknown,,,,,,,,,,,,,,,,,,,,,,,,,,,,,,,,,,,,,,,,,,,,,,,,,,,,,,,,,,,,,,,,,,,,,,,,,,,,,,,,,,,,,,,,,,,,,,,,,,,,,,,,,,,,,,,,,,,,,,,,,,,,,,,,,,,,,,,,,,,,,,,,,,,,,,,,,,,,qa_dataset,"Bonjour,

Je vous informe que j’ai essayé par deux PCs personnels avec des systèmes différents ( windows et ios) et aussi à un poste bureau, tout en utilisant les différents navigateurs ( chrome, mozila et internet explorer) sans aucun résultat.

Prière de me confirmer la disponibilité de la plateforme et  m’indiquer les solutions possibles.

Cordialement",question
87bb810f-a2fa-421e-a472-13fb3ef47f6b,02b09725-46a0-4b6d-8e4e-76a5bccd917f,unknown,,,,,,,,,,,,,,,,,,,,,,,,,,,,,,,,,,,,,,,,,,,,,,,,,,,,,,,,,,,,,,,,,,,,,,,,,,,,,,,,,,,,,,,,,,,,,,,,,,,,,,,,,,,,,,,,,,,,,,,,,,,,,,,,,,,,,,,,,,,,,,,,,,,,,,,,,,,,qa_dataset,"Bonjour,

Le site ne s’ouvre pas. J’arrive même pas à l’étape de saisir les données.

Cordialement",response
0256bb15-c03b-43f6-8605-31ba6276e952,b86d0fc4-b460-411c-a946-1f73daec588d,unknown,,,,,,,,,,,,,,,,,,,,,,,,,,,,,,,,,,,,,,,,,,,,,,,,,,,,,,,,,,,,,,,,,,,,,,,,,,,,,,,,,,,,,,,,,,,,,,,,,,,,,,,,,,,,,,,,,,,,,,,,,,,,,,,,,,,,,,,,,,,,,,,,,,,,,,,,,,,,qa_dataset,"Bonjour,

Le site ne s’ouvre pas. J’arrive même pas à l’étape de saisir les données.
sur les PCs le message en pièce joint s'affiche. Sur l'application bancaire le message ""erreur technique"" s'affiche.
Prière de me règler ce problème.

Cordialement Bonjour,

Je vous informe que je suis Agent comptable à l’étranger, et j'ai consulté des collègues à l'étranger, votre sytsème ça marche pas à l'étranger.
Prière de régler cette anomalie pour nous permettre de bénéficier des services de la Fondation.

Cordialement",question
a5393ce9-6a45-416f-b35b-22330c50ed5e,6e6470b0-d4cd-47c5-8a0c-005e527dd438,unknown,,,,,,,,,,,,,,,,,,,,,,,,,,,,,,,,,,,,,,,,,,,,,,,,,,,,,,,,,,,,,,,,,,,,,,,,,,,,,,,,,,,,,,,,,,,,,,,,,,,,,,,,,,,,,,,,,,,,,,,,,,,,,,,,,,,,,,,,,,,,,,,,,,,,,,,,,,,,qa_dataset,"Bonjour, Merci de transmettre cette requête à la DPS afin d’examiner la possibilité, pour l’adhérent concerné, d’envoyer son dossier de mise à jour par mail, compte tenu de ce cas particulier. Cordialement.",response
898463cb-b0f0-4475-b553-122b319f47b6,1f811ac5-da30-4379-aba4-518eba620b47,unknown,,,,,,,,,,,,,,,,,,,,,,,,,,,,,,,,,,,,,,,,,,,,,,,,,,,,,,,,,,,,,,,,,,,,,,,,,,,,,,,,,,,,,,,,,,,,,,,,,,,,,,,,,,,,,,,,,,,,,,,,,,,,,,,,,,,,,,,,,,,,,,,,,,,,,,,,,,,,qa_dataset,"Bonjour Monsieur, Nous confirmons à nouveau qu’il n’y a aucun problème technique au niveau du portail ou de l’application mobile. Nous vous invitons à charger un collègue résidant au Maroc d’effectuer la mise à jour de votre dossier de ristourne à votre place et vous pourriez réinitialiser votre mot de passe par la  suite. Cordialement.",response
a5ff9c4c-f056-4841-a24e-bffedb383019,2aaebd66-83f3-4c00-89ac-1349df8160ff,unknown,,,,,,,,,,,,,,,,,,,,,,,,,,,,,,,,,,,,,,,,,,,,,,,,,,,,,,,,,,,,,,,,,,,,,,,,,,,,,,,,,,,,,,,,,,,,,,,,,,,,,,,,,,,,,,,,,,,,,,,,,,,,,,,,,,,,,,,,,,,,,,,,,,,,,,,,,,,,qa_dataset,"Bonjour,

Je ne connais personne qui peut faire cette opération à ma place.
Je vous envoie l'attestation des intérêts pour l'insérer si possible.

Cordialement Bonjour Monsieur, Nous sommes navrés de vous informer que nous ne pouvons effectuer la mise à jour de votre dossier de mise à jour à votre place. Le portail et l’application mobiles sont des plateformes autonomes qui offrent à chaque adhérent un espace personnel sécurisé pour gérer ses demandes de prestations sociales fournies par la FOS. Par ailleurs, nous vous rappelons que la prestation de la Ristourne est disponible jusqu’au 31/12/2025. Passé cette date, votre droit de bénéfice de la ristourne au titre de 2024  sera soumis à la prescription annuelle prévue par la circulaire régissant cette prestation. Cordialement. Bonjour Monsieur, Nous sommes navrés de vous informer que nous ne pouvons effectuer la mise à jour de votre dossier de mise à jour à votre place. Le portail et l’application mobiles sont des plateformes autonomes qui offrent à chaque adhérent un espace personnel sécurisé pour gérer ses demandes de prestations sociales fournies par la FOS. Par ailleurs, nous vous rappelons que la prestation de la Ristourne est disponible jusqu’au 31/12/2025. Passé cette date, votre droit de bénéfice de la ristourne au titre de 2024  sera soumis à la prescription annuelle prévue par la circulaire régissant cette prestation. Cordialement. Bonjour, Veuillez trouvez le retour de l'adhérent avec l'historique des réponses de la DPPL. Bonjour, Conformément à la politique de sécurité de la Fondation, l'accès aux services en ligne est restreint depuis l'étranger. Cordialement Bonjour, Conformément à la politique de sécurité de la Fondation, l'accès aux services en ligne est restreint depuis l'étranger. Cordialement Bonjour,

En tant qu'adhérant qui travaille à l'étranger, j'ai le plein droit de demander à la fondation de nous proposer une alternative pour éviter la prescription de la demande. A défaut de cette mesure, toute prescription fera l'objet d'une contestation fondée de ma part.

Cordialement Bonjour Si Hicham, Faisant suite au retour de l’adhérent, merci de lui proposer une alternative afin qu’il puisse accèder au portail ou à l’application mobile. Cordialement. Bonjour, Prière de trouver ci-dessous notre réponse communiqué à l’adhérent. Par contre nous proposons, sauf meilleur avis, l’envoi de son dossier sur  pour prise en charge par le service métier. Cordialement Bonjour, Bien reçu merci pour votre partage. Par ailleurs, comme échangé avec M Boukri, le CRA pourra contacter l’adhérent via (contact), pour lui proposer son autorisation officielle pour prendre en charge exceptionnellement sa requête . Cordialement",question
b34339de-f9da-4b6c-a03a-23ad50239771,43a3722a-cb6d-41ff-bc0e-00ae87830cc2,unknown,,,,,,,,,,,,,,,,,,,,,,,,,,,,,,,,,,,,,,,,,,,,,,,,,,,,,,,,,,,,,,,,,,,,,,,,,,,,,,,,,,,,,,,,,,,,,,,,,,,,,,,,,,,,,,,,,,,,,,,,,,,,,,,,,,,,,,,,,,,,,,,,,,,,,,,,,,,,qa_dataset,"achid Trésorerie Générale du Royaume DDP : 1 GSM : 0 Bonjour Monsieur le Directeur de la Fondation des œuvres sociales, Je vous écris pour vous demander le remboursement de la réduction concernant la carte à navette auprès de l'ONCF que j'ai achetée( abonnement) pour le trajet de Bouznika à Rabat Ville pour une période de 3 mois. Je joins à cette demande les informations suivantes : - La facture pour une période de validité : du 16/04/2025 au 15/07/2025 PPR : 2 Je vous remercie d'avance pour votre traitement de cette demande. Cordialement, Ouafa Bonjour, Suite à la publication de la liste des bénéficiaires au centre d'estivage, j'ai râté le jour de la réservation vu des conditions familiales et j'étais pas au courant.. Est ce qu'il y a une possibilité de faire la réservation ? Cordialement السلام عليكم بخصوص الاسفادة من الدعم المدرسي للحاصلين على شهادة الباكالوريا اود ان استفيد من هده الخدمة لابنتي شكرا Objet : Correction d'une erreur dans le formulaire d'inscription Madame, Monsieur, Je souhaite vous informer qu'une erreur s’est glissée lors de mon inscription au concours des techniciens spécialisés en topographie. J’ai indiqué par erreur EST Casablanca comme établissement de formation, alors que j’ai en réalité obtenu mon diplôme de technicien spécialisé à l’ISTA Casablanca. Je vous prie de bien vouloir prendre en considération cette correction. Je reste à votre disposition pour tout document justificatif complémentaire. Veuillez agréer, Madame, Monsieur, l’expression de mes salutations distinguées. Fadma CIN :B Tél : 064 Bonjour, Je me permets de vous contacter dans le cadre de l’estivage 2025, pour lequel j’ai eu l’honneur d’être retenue dans la catégorie « Remboursement des factures 2025». Afin de préparer mon séjour dans les meilleures conditions et conformément aux modalités prévues, je souhaiterais obtenir des éclaircissements sur les points suivants : 1.      Est-il possible de présenter plusieurs factures correspondant à des séjours effectués dans des établissements différents (par exemple, 5 jours dans un établissement et 2 jours dans un autre), à condition que la durée totale ne dépasse pas les 7 jours prévus ? 2.      Dans le cas où la facture présenterait une durée de séjour supérieure à 7 jours, la Fondation l’acceptera-t-elle et procédera-t-elle au remboursement dans la limite des 7 jours prévus dans le cadre du programme d’estivage ? 3.      Enfin, l’annonce fait référence à une « facture ou reçu de paiement ». Ainsi, je souhaiterais savoir si, dans le cas d’une réservation effectuée via une plateforme telle que Booking, un reçu de paiement est suffisant pour justifier le séjour — notamment dans le cas de la location d’un appartement, où il n’est pas systématiquement délivré de facture au sens classique du terme, contrairement à un hôtel qui fournit généralement une facture nominative. Je vous remercie par avance pour votre retour. Très cordialement, Asmae Bonjour Fos-Mef J’aimerais bien faire une réclamation au sujet de ma réservation pour la période d’estivage d’abord, comme j’ai bénéficier une seule fois de vos prestations pour l’été, c’était en 2019 et j’ai pu avoir un appartement au centre cabo negro, après cette période, j’ai demandé pour un remboursement facture été mais en vain. Cette année, je me suis dit d’essayer à nouveau, déjà la circulaire demeure floue quant au score des différents critère, et j’ai été surprise de voir que y a un score minimum pour chaque centre et qui est très élevé, au moins si nous étions informé de la manière avec laquelle vous calculez les scores, on aurait pu choisir les centres dont vous n’exigez pas des scores minimum trop élevés ; Secondo, avec cette manière de procéder, j’ai tenté la période hors estivage, sachant que seule la période du 16 au 21 qui a été disponible sur le site de hacienda à el jadida, Je me déplace, j’engage des frais gasoil, énergie, temps, autoroute, une famille et à ma grande surprise, la piscine est non fonctionnelle et non prévue d’être fonctionnelle courant ces 5 nuités, à quoi bon d’engager un tel effort, à quoi bon de publier des circulaires si le mot estivage qui y figure, renvoie plutôt à une simple résidence, où pouvoir passer 5 nuités, je suis fatalement déçue et ayant demandé à plusieurs fois à la personne en charge sur place, il m’a exprimé son malheur aussi, et que seul le syndic de la résidence décide quand régler ce problème. Je pense que le minimum requis est d’informer les gens, que ces piscine sont non fonctionnelles durant les différents périodes de l’année afin de ne plus confondre estivage avec une résidence. Je pense ne plus avoir recourir à vos prestations d’estivage comme le mot d’ordre est la déception !:!! Bien cordialement Madame, Monsieur, Nous sommes l’Université Privée de Fès (UPF) et nous collaborons déjà avec plusieurs associations et œuvres sociales d’établissements publics au Maroc. Grâce à ces partenariats, les enfants de leurs membres bénéficient d’une réduction pouvant aller jusqu’à 20 % sur les frais de scolarité. À ce titre, je vous contacte pour envisager un partenariat similaire avec votre association. En effet, plusieurs enfants d’agents de votre ministère poursuivent actuellement leurs études à l’UPF, et règlent l’intégralité de leurs frais de scolarité. Nous serions heureux de mettre en place une convention permettant à ces familles de profiter d’une réduction, semblable à celles déjà offertes dans le cadre de nos collaborations existantes. Je me tiens à votre disposition pour évoquer plus en détail cette proposition, et vous remercie par avance pour votre attention. Cordialement,",response
9c9d0727-2b6b-433c-acf4-b7e5c5d64d34,4440b617-4092-4061-8ffe-108363dc74d2,unknown,,,,,,,,,,,,,,,,,,,,,,,,,,,,,,,,,,,,,,,,,,,,,,,,,,,,,,,,,,,,,,,,,,,,,,,,,,,,,,,,,,,,,,,,,,,,,,,,,,,,,,,,,,,,,,,,,,,,,,,,,,,,,,,,,,,,,,,,,,,,,,,,,,,,,,,,,,,,qa_dataset,"Bonjour, j'ai soumis une demande de prêt personnel il y a 15 jours mais je n'ai toujours pas reçu de réponse. Le statut sur le portail reste 'en cours d'instruction'. Pouvez-vous me donner une estimation du délai de traitement ?",question
b63122e9-1494-4796-aea2-9096aa97621e,b9f2371e-0546-465a-990b-2734fc09916a,unknown,,,,,,,,,,,,,,,,,,,,,,,,,,,,,,,,,,,,,,,,,,,,,,,,,,,,,,,,,,,,,,,,,,,,,,,,,,,,,,,,,,,,,,,,,,,,,,,,,,,,,,,,,,,,,,,,,,,,,,,,,,,,,,,,,,,,,,,,,,,,,,,,,,,,,,,,,,,,qa_dataset,"Bonjour, nous accusons réception de votre demande. Pour suivre votre dossier, veuillez nous communiquer votre numéro PPR. Nous traitons votre demande dans les meilleurs délais.",response
cce679e6-6a23-440f-b04b-37868d0fb36f,40493ca2-2072-4ecf-9d37-cd6fc5c078f6,unknown,,,,,,,,,,,,,,,,,,,,,,,,,,,,,,,,,,,,,,,,,,,,,,,,,,,,,,,,,,,,,,,,,,,,,,,,,,,,,,,,,,,,,,,,,,,,,,,,,,,,,,,,,,,,,,,,,,,,,,,,,,,,,,,,,,,,,,,,,,,,,,,,,,,,,,,,,,,,qa_dataset,السلام عليكم، أنا حاولت أدخل للبوابة الإلكترونية لكن كيطلع ليا erreur 404 كل مرة. شناه الحل لأن محتاج نقدّم طلب استرداد مصاريف طبية مستعجل؟,question
36862540-7b84-4cc0-901c-65c1cf8887b1,1b938a05-91b6-4d56-8855-6e9e53b4e1e4,unknown,,,,,,,,,,,,,,,,,,,,,,,,,,,,,,,,,,,,,,,,,,,,,,,,,,,,,,,,,,,,,,,,,,,,,,,,,,,,,,,,,,,,,,,,,,,,,,,,,,,,,,,,,,,,,,,,,,,,,,,,,,,,,,,,,,,,,,,,,,,,,,,,,,,,,,,,,,,,qa_dataset,وعليكم السلام، نعتذر للإزعاج. يرجى محاولة مسح ذاكرة التخزين المؤقت للمتصفح أو استخدام تطبيق الهاتف. إذا استمرت المشكلة، قدم رقم هاتفك للاتصال بك.,response
f68ee403-62b0-4f92-8615-784de71db78e,88da7c08-4106-4269-b8d0-e9ebe7f2db52,unknown,,,,,,,,,,,,,,,,,,,,,,,,,,,,,,,,,,,,,,,,,,,,,,,,,,,,,,,,,,,,,,,,,,,,,,,,,,,,,,,,,,,,,,,,,,,,,,,,,,,,,,,,,,,,,,,,,,,,,,,,,,,,,,,,,,,,,,,,,,,,,,,,,,,,,,,,,,,,qa_dataset,Je viens de recevoir le virement pour mon remboursement CNOPS mais le montant est inférieur de 300 DH à ce qui était indiqué dans l'avis. Comment puis-je réclamer le solde ?,question
50999dbf-08bb-4c2e-9da5-e0d8dca5c509,8391e7ef-1890-4ca1-a984-8c784b3b6c21,unknown,,,,,,,,,,,,,,,,,,,,,,,,,,,,,,,,,,,,,,,,,,,,,,,,,,,,,,,,,,,,,,,,,,,,,,,,,,,,,,,,,,,,,,,,,,,,,,,,,,,,,,,,,,,,,,,,,,,,,,,,,,,,,,,,,,,,,,,,,,,,,,,,,,,,,,,,,,,,qa_dataset,"Bonjour, veuillez nous transmettre une copie de l'avis de remboursement et du relevé bancaire par message privé. Nous ouvrons un dossier de réclamation.",response
52db4a14-aebf-4fc3-9be0-e926c3b17999,da2c936d-8bb1-48ac-b5dd-2aeb3996b0ce,unknown,,,,,,,,,,,,,,,,,,,,,,,,,,,,,,,,,,,,,,,,,,,,,,,,,,,,,,,,,,,,,,,,,,,,,,,,,,,,,,,,,,,,,,,,,,,,,,,,,,,,,,,,,,,,,,,,,,,,,,,,,,,,,,,,,,,,,,,,,,,,,,,,,,,,,,,,,,,,qa_dataset,بغيت نقدّم طلب تخييم لأولادي الصغار ولكن كنلقى الإعلان مازال مامفتوحش. متى غادي يبدا التسجيل للتخييم الصيفي 2025؟,question
436c4023-6e38-41d9-abf4-1c80c5b25503,c681d68b-e90e-448a-8f1e-9560754aefcf,unknown,,,,,,,,,,,,,,,,,,,,,,,,,,,,,,,,,,,,,,,,,,,,,,,,,,,,,,,,,,,,,,,,,,,,,,,,,,,,,,,,,,,,,,,,,,,,,,,,,,,,,,,,,,,,,,,,,,,,,,,,,,,,,,,,,,,,,,,,,,,,,,,,,,,,,,,,,,,,qa_dataset,مرحبا، التسجيلات للتخييم الصيفي 2025 ستبدأ ابتداء من 15 أبريل 2025. سيتم الإعلان على البوابة ووسائل التواصل الاجتماعير.,response
97c45702-9705-400a-8aeb-f6ace4475e50,3de96d9e-4547-43c4-b18f-d56d7b1cf047,unknown,,,,,,,,,,,,,,,,,,,,,,,,,,,,,,,,,,,,,,,,,,,,,,,,,,,,,,,,,,,,,,,,,,,,,,,,,,,,,,,,,,,,,,,,,,,,,,,,,,,,,,,,,,,,,,,,,,,,,,,,,,,,,,,,,,,,,,,,,,,,,,,,,,,,,,,,,,,,qa_dataset,Mon fils est en situation de handicap et nécessite un certificat de scolarité adapté pour avril 2024. Qui dois-je contacter pour avoir un document spécifique ?,question
f154ee3c-a881-4a7c-b5ba-92af8e53e686,eedc1af2-9440-417f-9a35-1c648bfd0845,unknown,,,,,,,,,,,,,,,,,,,,,,,,,,,,,,,,,,,,,,,,,,,,,,,,,,,,,,,,,,,,,,,,,,,,,,,,,,,,,,,,,,,,,,,,,,,,,,,,,,,,,,,,,,,,,,,,,,,,,,,,,,,,,,,,,,,,,,,,,,,,,,,,,,,,,,,,,,,,qa_dataset,"Bonjour, veuillez contacter le service médico-social au 05 22 45 78 90 ou par email médical@institution.ma. Pensez à fournir le PPR de votre fils.",response
6694c0b5-2428-4cdb-8383-c5064a3b05d1,8dac4229-13db-4179-a8b7-bf50b50e898f,unknown,,,,,,,,,,,,,,,,,,,,,,,,,,,,,,,,,,,,,,,,,,,,,,,,,,,,,,,,,,,,,,,,,,,,,,,,,,,,,,,,,,,,,,,,,,,,,,,,,,,,,,,,,,,,,,,,,,,,,,,,,,,,,,,,,,,,,,,,,,,,,,,,,,,,,,,,,,,,qa_dataset,عندي مشكل في التسجيل في AMO، لأن رقم التعريف الوطني كيطلع غير صحيح مع أنني دخلتو صح. ممكن المساعدة؟,question
7ab8922c-4fc1-4166-b89d-1d3b7ce401ab,82307b8a-c5ec-46ea-a239-dfe8191bf08a,unknown,,,,,,,,,,,,,,,,,,,,,,,,,,,,,,,,,,,,,,,,,,,,,,,,,,,,,,,,,,,,,,,,,,,,,,,,,,,,,,,,,,,,,,,,,,,,,,,,,,,,,,,,,,,,,,,,,,,,,,,,,,,,,,,,,,,,,,,,,,,,,,,,,,,,,,,,,,,,qa_dataset,نحن في الخدمة. يرجى التأكد من إدخال الرقم دون أي مسافات أو أحرف. إذا استمر المشكل، اتصل بنا على 080 100 20 00.,response
7ae4d63a-851c-4b4c-80ea-dca992543194,7d48743c-7ee6-4e57-95e3-60fff7d6dc63,unknown,,,,,,,,,,,,,,,,,,,,,,,,,,,,,,,,,,,,,,,,,,,,,,,,,,,,,,,,,,,,,,,,,,,,,,,,,,,,,,,,,,,,,,,,,,,,,,,,,,,,,,,,,,,,,,,,,,,,,,,,,,,,,,,,,,,,,,,,,,,,,,,,,,,,,,,,,,,,qa_dataset,J'ai été débité deux fois pour la même cotisation mensuelle. Comment puis-je me faire rembourser ce prélèvement en double ?,question
8d224b71-429b-404e-875d-ef1057344e0d,b11d39d8-f84f-434c-8551-b1dce559d0c7,unknown,,,,,,,,,,,,,,,,,,,,,,,,,,,,,,,,,,,,,,,,,,,,,,,,,,,,,,,,,,,,,,,,,,,,,,,,,,,,,,,,,,,,,,,,,,,,,,,,,,,,,,,,,,,,,,,,,,,,,,,,,,,,,,,,,,,,,,,,,,,,,,,,,,,,,,,,,,,,qa_dataset,Veuillez nous envoyer une capture d'écran des deux prélèvements avec les dates et références. Nous traitons l'incident sous 48h.,response
20bb7709-a916-4197-9786-f603cf9cdb30,fd7ffb04-d745-42c0-9aa3-052aff219ce1,unknown,,,,,,,,,,,,,,,,,,,,,,,,,,,,,,,,,,,,,,,,,,,,,,,,,,,,,,,,,,,,,,,,,,,,,,,,,,,,,,,,,,,,,,,,,,,,,,,,,,,,,,,,,,,,,,,,,,,,,,,,,,,,,,,,,,,,,,,,,,,,,,,,,,,,,,,,,,,,qa_dataset,السلام عليكم، أنا مقيم بالخارج وعندي مشكل في الوصول لخدمات البوابة من أوروبا. كتقول 'غير مصرح بالدخول من منطقة جغرافيتك'. شنو الحل؟,question
367cbf4a-a3d4-43e1-b457-72b1b62def4e,a0bd26ed-9146-4927-8024-f7b98f449515,unknown,,,,,,,,,,,,,,,,,,,,,,,,,,,,,,,,,,,,,,,,,,,,,,,,,,,,,,,,,,,,,,,,,,,,,,,,,,,,,,,,,,,,,,,,,,,,,,,,,,,,,,,,,,,,,,,,,,,,,,,,,,,,,,,,,,,,,,,,,,,,,,,,,,,,,,,,,,,,qa_dataset,وعليكم السلام، يمكنك استخدام VPN أو الاتصال بنا على +212 5 22 45 78 91 لتفعيل الوصول من الخارج. نأسف للإزعاج.,response
e3859f6d-63cc-42ab-9e2c-043cdd7d9a4b,85c02511-665c-4acb-93a0-ff6d112442fe,unknown,,,,,,,,,,,,,,,,,,,,,,,,,,,,,,,,,,,,,,,,,,,,,,,,,,,,,,,,,,,,,,,,,,,,,,,,,,,,,,,,,,,,,,,,,,,,,,,,,,,,,,,,,,,,,,,,,,,,,,,,,,,,,,,,,,,,,,,,,,,,,,,,,,,,,,,,,,,,qa_dataset,Je souhaite modifier la date de début de mon prêt immobilier prévue initialement au 15 mai 2024. Est-ce possible de la reporter au 1er juillet 2024 ?,question
ca568f9f-b66a-4c9f-9651-d28d4d61bcb2,905e0ed9-2f3a-4d25-86b3-16da0ffd16d1,unknown,,,,,,,,,,,,,,,,,,,,,,,,,,,,,,,,,,,,,,,,,,,,,,,,,,,,,,,,,,,,,,,,,,,,,,,,,,,,,,,,,,,,,,,,,,,,,,,,,,,,,,,,,,,,,,,,,,,,,,,,,,,,,,,,,,,,,,,,,,,,,,,,,,,,,,,,,,,,qa_dataset,"Oui, c'est possible sous réserve d'acceptation. Veuillez formuler votre demande par écrit via le portail avec le motif du report.",response
63c581b8-9904-4a5c-a9db-168b5cb2fcf2,2eb995c4-701a-43a5-9827-3adc9c8fabd2,unknown,,,,,,,,,,,,,,,,,,,,,,,,,,,,,,,,,,,,,,,,,,,,,,,,,,,,,,,,,,,,,,,,,,,,,,,,,,,,,,,,,,,,,,,,,,,,,,,,,,,,,,,,,,,,,,,,,,,,,,,,,,,,,,,,,,,,,,,,,,,,,,,,,,,,,,,,,,,,qa_dataset,ماشي كاين لا تطبيق ولا البوابة كاتفتح عندي. جربت من الهاتف والحاسوب ولا شيء. هاد المشكل من عندكم ولا من عندي؟,question
2be36572-4545-41d6-a1bd-8501f6c43cab,27e470ac-b33a-4e4f-8cb8-30b1f303d2d7,unknown,,,,,,,,,,,,,,,,,,,,,,,,,,,,,,,,,,,,,,,,,,,,,,,,,,,,,,,,,,,,,,,,,,,,,,,,,,,,,,,,,,,,,,,,,,,,,,,,,,,,,,,,,,,,,,,,,,,,,,,,,,,,,,,,,,,,,,,,,,,,,,,,,,,,,,,,,,,,qa_dataset,نحن نعمل على حل عطل فني مؤقت. يرجى المحاولة بعد ساعة أو الاتصال على 080 100 20 00 للاستعجال. نعتذر للإزعاج.,response
4ca197ed-fd05-43b4-bf31-a408f385c3ca,805b25bb-06a9-4e3c-bfdb-5c7688d27062,unknown,,,,,,,,,,,,,,,,,,,,,,,,,,,,,,,,,,,,,,,,,,,,,,,,,,,,,,,,,,,,,,,,,,,,,,,,,,,,,,,,,,,,,,,,,,,,,,,,,,,,,,,,,,,,,,,,,,,,,,,,,,,,,,,,,,,,,,,,,,,,,,,,,,,,,,,,,,,,qa_dataset,J'ai reçu un avis de rejet pour ma demande de mutuelle complémentaire sans explication. Comment puis-je savoir les motifs et faire appel ?,question
0068b495-9041-4a38-82ff-654cf973305f,6525f16e-6242-48ac-96e6-cb4631485c7a,unknown,,,,,,,,,,,,,,,,,,,,,,,,,,,,,,,,,,,,,,,,,,,,,,,,,,,,,,,,,,,,,,,,,,,,,,,,,,,,,,,,,,,,,,,,,,,,,,,,,,,,,,,,,,,,,,,,,,,,,,,,,,,,,,,,,,,,,,,,,,,,,,,,,,,,,,,,,,,,qa_dataset,Veuillez nous communiquer votre référence PPR. Nous vous enverrons le détail des motifs et la procédure de recours.,response
57057b8e-0ab0-47e6-bd90-87ed69462ea4,329ff4db-8f72-4d08-9a99-98d57549d207,unknown,,,,,,,,,,,,,,,,,,,,,,,,,,,,,,,,,,,,,,,,,,,,,,,,,,,,,,,,,,,,,,,,,,,,,,,,,,,,,,,,,,,,,,,,,,,,,,,,,,,,,,,,,,,,,,,,,,,,,,,,,,,,,,,,,,,,,,,,,,,,,,,,,,,,,,,,,,,,qa_dataset,بغيت نغير رقم الهاتف المسجل في الملف ديالي لأن فقدت الخط القديم. كيفاش نقدر نفعّل ذلك؟,question
2426a687-e4bc-4b02-b3b0-51f587d65925,fb3dd27a-e1f0-404f-8b6c-210f5fc33b38,unknown,,,,,,,,,,,,,,,,,,,,,,,,,,,,,,,,,,,,,,,,,,,,,,,,,,,,,,,,,,,,,,,,,,,,,,,,,,,,,,,,,,,,,,,,,,,,,,,,,,,,,,,,,,,,,,,,,,,,,,,,,,,,,,,,,,,,,,,,,,,,,,,,,,,,,,,,,,,,qa_dataset,يمكنك تغيير رقم الهاتف من قسم 'معلوماتي الشخصية' في البوابة أو بإرسال بطاقة التعريف ورقم الهاتف الجديد عبر رسالة.,response
3e73456b-b251-4e1d-8bef-5a323f99e2e3,250b9caa-b2d5-4027-bc19-be9d4a1e08c8,unknown,,,,,,,,,,,,,,,,,,,,,,,,,,,,,,,,,,,,,,,,,,,,,,,,,,,,,,,,,,,,,,,,,,,,,,,,,,,,,,,,,,,,,,,,,,,,,,,,,,,,,,,,,,,,,,,,,,,,,,,,,,,,,,,,,,,,,,,,,,,,,,,,,,,,,,,,,,,,qa_dataset,Le médecin de mon fils a prescrit des séances de kiné mais la Mutuelle n'a remboursé que 50%. Pourtant c'était convenu à 100% dans mon contrat.,question
a5955c82-175f-48de-8982-27b6f066a6e2,c32d6455-4de8-4fd0-b7a6-7966a6d4201e,unknown,,,,,,,,,,,,,,,,,,,,,,,,,,,,,,,,,,,,,,,,,,,,,,,,,,,,,,,,,,,,,,,,,,,,,,,,,,,,,,,,,,,,,,,,,,,,,,,,,,,,,,,,,,,,,,,,,,,,,,,,,,,,,,,,,,,,,,,,,,,,,,,,,,,,,,,,,,,,qa_dataset,"Veuillez nous transmettre l'ordonnance, les factures et la notification de remboursement. Nous vérifions votre couverture.",response
87a63e58-27fb-4df2-965f-857015293ffb,79fd8d23-43ee-463e-9b8c-2b23d31d4a52,unknown,,,,,,,,,,,,,,,,,,,,,,,,,,,,,,,,,,,,,,,,,,,,,,,,,,,,,,,,,,,,,,,,,,,,,,,,,,,,,,,,,,,,,,,,,,,,,,,,,,,,,,,,,,,,,,,,,,,,,,,,,,,,,,,,,,,,,,,,,,,,,,,,,,,,,,,,,,,,qa_dataset,كيفاش نقدر نستخرج شهادة الانقطاع عن العمل من غير ما نمشي للوكالة؟ لأنني ساكن بعيد.,question
eb8d3160-71d5-4e47-8c16-1d96d0151193,aee3f79e-6bd0-4abe-a186-128c68788ef4,unknown,,,,,,,,,,,,,,,,,,,,,,,,,,,,,,,,,,,,,,,,,,,,,,,,,,,,,,,,,,,,,,,,,,,,,,,,,,,,,,,,,,,,,,,,,,,,,,,,,,,,,,,,,,,,,,,,,,,,,,,,,,,,,,,,,,,,,,,,,,,,,,,,,,,,,,,,,,,,qa_dataset,يمكنك طلب شهادة الانقطاع عن العمل مباشرة من البوابة الإلكترونية في قسم 'الوثائق'. ستصل إليك بالبريد الإلكتروني في 24 ساعة.,response
b84782a5-2758-4fd2-a907-ba4fde1c6bca,e5316e2f-214f-47e3-8648-a3d97d6515f2,unknown,,,,,,,,,,,,,,,,,,,,,,,,,,,,,,,,,,,,,,,,,,,,,,,,,,,,,,,,,,,,,,,,,,,,,,,,,,,,,,,,,,,,,,,,,,,,,,,,,,,,,,,,,,,,,,,,,,,,,,,,,,,,,,,,,,,,,,,,,,,,,,,,,,,,,,,,,,,,qa_dataset,Je pars en retraite le 30 juin 2024. Quelles sont les démarches à effectuer pour assurer la continuité de ma couverture santé ?,question
b116f69c-eb8b-4a74-9675-d11adb2d97ca,ed475f96-26ff-4345-b57c-08bb0454865b,unknown,,,,,,,,,,,,,,,,,,,,,,,,,,,,,,,,,,,,,,,,,,,,,,,,,,,,,,,,,,,,,,,,,,,,,,,,,,,,,,,,,,,,,,,,,,,,,,,,,,,,,,,,,,,,,,,,,,,,,,,,,,,,,,,,,,,,,,,,,,,,,,,,,,,,,,,,,,,,qa_dataset,Félicitations ! Veuillez contacter le service retraite au 05 22 45 79 00 avec votre carte d'identité. Un guide vous sera envoyé.,response
ae972420-f098-411d-9d2d-1f42e00e6906,6994a436-aeaa-41d0-96e9-effa141d68c4,unknown,,,,,,,,,,,,,,,,,,,,,,,,,,,,,,,,,,,,,,,,,,,,,,,,,,,,,,,,,,,,,,,,,,,,,,,,,,,,,,,,,,,,,,,,,,,,,,,,,,,,,,,,,,,,,,,,,,,,,,,,,,,,,,,,,,,,,,,,,,,,,,,,,,,,,,,,,,,,qa_dataset,عندي طلب استرداد مصاريف طبية قديم من 2023 مازال ماحلّوش. كلما اتصلت كيقولوا 'تحت الدراسة'. هادشي عادي؟,question
5dc91dd7-5954-4ead-86e7-680282f9d736,69ca199a-3afc-4dd2-94b2-db1e817aa809,unknown,,,,,,,,,,,,,,,,,,,,,,,,,,,,,,,,,,,,,,,,,,,,,,,,,,,,,,,,,,,,,,,,,,,,,,,,,,,,,,,,,,,,,,,,,,,,,,,,,,,,,,,,,,,,,,,,,,,,,,,,,,,,,,,,,,,,,,,,,,,,,,,,,,,,,,,,,,,,qa_dataset,لا، هذا التأخير غير عادي. يرجى إرسال رقم الملف PPR وسنقوم بالمتابعة المستعجلة مع قسم التعويضات.,response
2ed3afe7-9070-4b3f-812b-a90aa1f4e5ca,e4496962-ca6d-4d89-94f8-b868c912d43e,unknown,,,,,,,,,,,,,,,,,,,,,,,,,,,,,,,,,,,,,,,,,,,,,,,,,,,,,,,,,,,,,,,,,,,,,,,,,,,,,,,,,,,,,,,,,,,,,,,,,,,,,,,,,,,,,,,,,,,,,,,,,,,,,,,,,,,,,,,,,,,,,,,,,,,,,,,,,,,,qa_dataset,J'ai reçu un email suspect demandant mon mot de passe. Est-ce une tentative de phishing ou c'est bien votre service ?,question
ebf674ed-292f-49fe-a5ac-e071d4920bd6,4f7cd3f0-39de-40e9-9015-105be7beeb97,unknown,,,,,,,,,,,,,,,,,,,,,,,,,,,,,,,,,,,,,,,,,,,,,,,,,,,,,,,,,,,,,,,,,,,,,,,,,,,,,,,,,,,,,,,,,,,,,,,,,,,,,,,,,,,,,,,,,,,,,,,,,,,,,,,,,,,,,,,,,,,,,,,,,,,,,,,,,,,,qa_dataset,Nous ne demandons jamais les mots de passe par email. Supprimez le message et signalez-le à sécurité@institution.ma. Merci de votre vigilance.,response
21d2e7c6-3fee-446e-9745-edbca5465ca4,e0ffc1ed-f987-47b7-8549-da48773a8b7e,unknown,,,,,,,,,,,,,,,,,,,,,,,,,,,,,,,,,,,,,,,,,,,,,,,,,,,,,,,,,,,,,,,,,,,,,,,,,,,,,,,,,,,,,,,,,,,,,,,,,,,,,,,,,,,,,,,,,,,,,,,,,,,,,,,,,,,,,,,,,,,,,,,,,,,,,,,,,,,,qa_dataset,كيفاش نقدر نزيد المبلغ ديال القرض السكني من 300000 إلى 400000 درهم؟ وشروط التغيير؟,question
1ba454f8-c315-4a6f-b1fc-28e5acb260b4,a4c9c2e1-6d2d-4da0-8a20-c906c78218c7,unknown,,,,,,,,,,,,,,,,,,,,,,,,,,,,,,,,,,,,,,,,,,,,,,,,,,,,,,,,,,,,,,,,,,,,,,,,,,,,,,,,,,,,,,,,,,,,,,,,,,,,,,,,,,,,,,,,,,,,,,,,,,,,,,,,,,,,,,,,,,,,,,,,,,,,,,,,,,,,qa_dataset,يمكنك تقديم طلب زيادة عبر البوابة مع تبرير الطلب ووثائق الدخل المحدثة. القبول خاضع للشروط والدراسة.,response
0dfecac0-395e-498e-a003-7e7c50ef8151,09d3f8fa-1a9a-4a62-b462-54c3ae5a8b11,unknown,,,,,,,,,,,,,,,,,,,,,,,,,,,,,,,,,,,,,,,,,,,,,,,,,,,,,,,,,,,,,,,,,,,,,,,,,,,,,,,,,,,,,,,,,,,,,,,,,,,,,,,,,,,,,,,,,,,,,,,,,,,,,,,,,,,,,,,,,,,,,,,,,,,,,,,,,,,,qa_dataset,Ma carte de tiers payant n'est pas acceptée à la pharmacie depuis 3 jours. Le pharmacien dit que ma carte est bloquée. Pourquoi ?,question
39d21954-9c06-43ee-98d5-0911fc55d5ef,e07ae38b-88bb-472a-85ad-523b0f153580,unknown,,,,,,,,,,,,,,,,,,,,,,,,,,,,,,,,,,,,,,,,,,,,,,,,,,,,,,,,,,,,,,,,,,,,,,,,,,,,,,,,,,,,,,,,,,,,,,,,,,,,,,,,,,,,,,,,,,,,,,,,,,,,,,,,,,,,,,,,,,,,,,,,,,,,,,,,,,,,qa_dataset,"Vérifiez que vos cotisations sont à jour. Sinon, contactez le service adhérents au 05 22 45 78 92 avec votre numéro d'affiliation.",response
49ab3cf2-c635-44db-824d-902471da22af,83944ad9-2227-439b-8e22-70091cf8a390,unknown,,,,,,,,,,,,,,,,,,,,,,,,,,,,,,,,,,,,,,,,,,,,,,,,,,,,,,,,,,,,,,,,,,,,,,,,,,,,,,,,,,,,,,,,,,,,,,,,,,,,,,,,,,,,,,,,,,,,,,,,,,,,,,,,,,,,,,,,,,,,,,,,,,,,,,,,,,,,qa_dataset,خسرة رمز الدخول للبوابة. كيفاش نقدر نستعيدو؟ وجربت 'نسيت كلمة المرور' ولكن ماوصلنيش أي إيميل.,question
b0160ea4-c52a-40e5-b5dc-4d7f697fb064,76c80088-a0e4-4b76-b5ba-37139cc5d562,unknown,,,,,,,,,,,,,,,,,,,,,,,,,,,,,,,,,,,,,,,,,,,,,,,,,,,,,,,,,,,,,,,,,,,,,,,,,,,,,,,,,,,,,,,,,,,,,,,,,,,,,,,,,,,,,,,,,,,,,,,,,,,,,,,,,,,,,,,,,,,,,,,,,,,,,,,,,,,,qa_dataset,تفقد صندوق البريد المزعج. إذا لم تجد الرسالة، اتصل بالدعم على 080 100 20 00 للتحقق من بريدك الإلكتروني المسجل.,response
239e4cbe-6970-4dcc-aace-4beaef9096b3,635eb2e8-afb9-4504-afad-4bea276b3945,unknown,,,,,,,,,,,,,,,,,,,,,,,,,,,,,,,,,,,,,,,,,,,,,,,,,,,,,,,,,,,,,,,,,,,,,,,,,,,,,,,,,,,,,,,,,,,,,,,,,,,,,,,,,,,,,,,,,,,,,,,,,,,,,,,,,,,,,,,,,,,,,,,,,,,,,,,,,,,,qa_dataset,Je cherche le formulaire de demande d'aide financière exceptionnelle pour cas de force majeure. Où puis-je le télécharger ?,question
14f49abc-5e72-4844-85ff-ac58332880e2,4f546d3a-f47d-40af-a71c-79bf36e03ce8,unknown,,,,,,,,,,,,,,,,,,,,,,,,,,,,,,,,,,,,,,,,,,,,,,,,,,,,,,,,,,,,,,,,,,,,,,,,,,,,,,,,,,,,,,,,,,,,,,,,,,,,,,,,,,,,,,,,,,,,,,,,,,,,,,,,,,,,,,,,,,,,,,,,,,,,,,,,,,,,qa_dataset,Le formulaire est disponible dans l'espace adhérent > Mes démarches > Aides exceptionnelles. Nous restons à votre disposition.,response
ec7ebcb2-da94-400b-97fd-9bad97433298,a6a1dde4-d104-4e69-a87c-f846596313ed,unknown,,,,,,,,,,,,,,,,,,,,,,,,,,,,,,,,,,,,,,,,,,,,,,,,,,,,,,,,,,,,,,,,,,,,,,,,,,,,,,,,,,,,,,,,,,,,,,,,,,,,,,,,,,,,,,,,,,,,,,,,,,,,,,,,,,,,,,,,,,,,,,,,,,,,,,,,,,,,qa_dataset,ولدتي مسجلة عندكم ولكن ماقداش تستفيد من الخدمات لأن الرقم الوطني فيها غير صحيح. كيفاش نصحح هذه المعلومة؟,question
3935e302-09a6-4a0b-a273-68ac770141a0,02dd80f3-ae3b-436c-b3d7-0cf016462ed3,unknown,,,,,,,,,,,,,,,,,,,,,,,,,,,,,,,,,,,,,,,,,,,,,,,,,,,,,,,,,,,,,,,,,,,,,,,,,,,,,,,,,,,,,,,,,,,,,,,,,,,,,,,,,,,,,,,,,,,,,,,,,,,,,,,,,,,,,,,,,,,,,,,,,,,,,,,,,,,,qa_dataset,يجب تقديم نسخة من بطاقة التعاقة الوطنية مصححة عبر البوابة أو في الوكالة. نعتذر للإزعاج.,response
55af1929-0ecc-4b8b-8798-1ee188003f0f,0b17f06c-7d6d-4922-8e8e-199abda92937,unknown,,,,,,,,,,,,,,,,,,,,,,,,,,,,,,,,,,,,,,,,,,,,,,,,,,,,,,,,,,,,,,,,,,,,,,,,,,,,,,,,,,,,,,,,,,,,,,,,,,,,,,,,,,,,,,,,,,,,,,,,,,,,,,,,,,,,,,,,,,,,,,,,,,,,,,,,,,,,qa_dataset,J'ai besoin d'une attestation de partenariat pour répondre à un appel d'offres. Le délai est très court. Pouvez-vous m'aider ?,question
c3b0c974-b155-4fad-9765-75b7f1be5e97,977326ba-2c87-43f5-b318-42672f1bfb42,unknown,,,,,,,,,,,,,,,,,,,,,,,,,,,,,,,,,,,,,,,,,,,,,,,,,,,,,,,,,,,,,,,,,,,,,,,,,,,,,,,,,,,,,,,,,,,,,,,,,,,,,,,,,,,,,,,,,,,,,,,,,,,,,,,,,,,,,,,,,,,,,,,,,,,,,,,,,,,,qa_dataset,Veuillez envoyer votre demande officielle sur papier entêté à partenariat@institution.ma. Nous traitons en urgence sous 48h.,response
44a920e0-3a9c-4493-81d9-bc31c9b031fe,e5df8797-9643-4692-a157-06f8b375a6ed,unknown,,,,,,,,,,,,,,,,,,,,,,,,,,,,,,,,,,,,,,,,,,,,,,,,,,,,,,,,,,,,,,,,,,,,,,,,,,,,,,,,,,,,,,,,,,,,,,,,,,,,,,,,,,,,,,,,,,,,,,,,,,,,,,,,,,,,,,,,,,,,,,,,,,,,,,,,,,,,qa_dataset,المرجو إعلامي إن كان بإمكاني دفع الاشتراك الشهري عبر تحويل بنكي عادي بدل الخصم الآلي. وشكرا.,question
51fce6e8-3796-414e-bed4-35964319a2a9,fc56b29f-0ddb-430c-a708-dd2c23f053da,unknown,,,,,,,,,,,,,,,,,,,,,,,,,,,,,,,,,,,,,,,,,,,,,,,,,,,,,,,,,,,,,,,,,,,,,,,,,,,,,,,,,,,,,,,,,,,,,,,,,,,,,,,,,,,,,,,,,,,,,,,,,,,,,,,,,,,,,,,,,,,,,,,,,,,,,,,,,,,,qa_dataset,نعم ممكن، لكن يجب إدخال رقم العضوية في بيان التحويل وإرسال نسخة من التحويل كل شهر. نوصي بالخصم الآلي لتجنب النسيان.,response
